VBCSCompilerPreWarmer: pre-warm launched (dotnet PID 25524)
VBCSCompiler prewarm took 8.67 ms
[Licensing::Module] Trying to connect to existing licensing client channel...
[Licensing::IpcConnector] Successfully connected to: "LicenseClient-infon" at "2026-09-07T13:13:59.3543999Z"
Built from '6000.6/respin/6000.6.0f1-fa21a270ab12' branch; Version is '6000.6.0f1 (f7f8ed4d1e24) revision 16251117'; Using compiler version '194234433'; Build Type 'Release'
OS: 'Windows 11  (10.0.26200) Core' Language: 'en' Physical Memory: 65409 MB
BatchMode: 0, IsHumanControllingUs: 1, StartBugReporterOnCrash: 1, Is64bit: 1
System  architecture: x64
Process architecture: x64
Date: 2026-09-07T13:13:59Z
[Licensing::Client] Code 10 while verifying Licensing Client signature (process Id: 38476, path: "C:/Program Files/Unity/Hub/Editor/6000.6.0f1/Editor/Data/Resources/Licensing/Client/Unity.Licensing.Client.exe")
[Licensing::Module] LicensingClient has failed validation; ignoring
[Licensing::Client] Handshaking with LicensingClient:
  Version:                 1.18.3+d7ffd15
  Session Id:              25d2e3103b754f8686a1462682c13dfb
  Correlation Id:          7a1d020b1f4edab72d2c03f4140e78cc
  External correlation Id: 6640664773559896171
  Machine Id:              CMsiS5hNir0F7XcR/GX25FLoSqs=
[Licensing::Module] Successfully connected to LicensingClient on channel: "LicenseClient-infon" (connect: 0.00s, validation: 0.00s, handshake: 0.04s)
[Licensing::IpcConnector] Successfully connected to: "LicenseClient-infon-notifications" at "2026-09-07T13:13:59.3982433Z"
[Licensing::Client] Successfully updated the access token
[Licensing::Module] Successfully updated the access token gBM0KB4L_q...
[Licensing::Client] Successfully resolved entitlement details
[Licensing::Module] License group:
  Id: 9072351871076-UnityPersXXXX
  Product: Unity Personal
  Type: Assigned
  Expiration: Unlimited
[Licensing::Client] Successfully updated license, isAsync: True, time: 0.00
[Licensing::Client] Successfully resolved entitlement details
[Licensing::Module] Licensing Background thread has ended after 0.05s

COMMAND LINE ARGUMENTS:
C:\Program Files\Unity\Hub\Editor\6000.6.0f1\Editor\Unity.exe
-projectpath
C:\Users\infon\game
-acceptSoftwareTermsForThisRunOnly
-useHub
-hubIPC
-cloudEnvironment
production
-licensingIpc
LicenseClient-infon
-hubSessionId
feeff7fc-b6c3-4de4-843c-9cc60e93c0f4
-accessToken
gBM0KB4L_qLGacXQDrcXAjNgpxM2cbIsbu28u4D2BeE008f
Successfully changed project path to: C:\Users\infon\game
C:/Users/infon/game
[UnityMemory] Configuration Parameters - Can be set up in boot.config
    "memorysetup-temp-allocator-size-gi-baking-worker=262144"
    "memorysetup-temp-allocator-size-gi-baking-worker=262144"
    "memorysetup-temp-allocator-size-gi-baking-worker=262144"
    "memorysetup-temp-allocator-size-gi-baking-worker=262144"
    "memorysetup-temp-allocator-size-gi-baking-worker=262144"
    "memorysetup-temp-allocator-size-nav-mesh-worker=65536"
    "memorysetup-temp-allocator-size-audio-worker=65536"
    "memorysetup-temp-allocator-size-cloud-worker=32768"
    "memorysetup-temp-allocator-size-gfx=262144"
    "memorysetup-remapper-allocator-initial-capacity=32768"
    "memorysetup-temp-allocator-size-preload-manager=33554432"
    "memorysetup-allocator-temp-initial-block-size-main=262144"
    "memorysetup-allocator-temp-initial-block-size-worker=262144"
    "memorysetup-temp-allocator-size-job-worker=262144"
    "memorysetup-temp-allocator-size-background-worker=32768"
    "memorysetup-bucket-allocator-granularity=16"
    "memorysetup-bucket-allocator-bucket-count=8"
    "memorysetup-bucket-allocator-block-size=33554432"
    "memorysetup-bucket-allocator-block-count=8"
    "memorysetup-main-allocator-block-size=16777216"
    "memorysetup-thread-allocator-block-size=16777216"
    "memorysetup-main-allocator-mimalloc-enabled=1"
    "memorysetup-gfx-main-allocator-block-size=16777216"
    "memorysetup-gfx-thread-allocator-block-size=16777216"
    "memorysetup-cache-allocator-block-size=4194304"
    "memorysetup-typetree-allocator-block-size=2097152"
    "memorysetup-profiler-bucket-allocator-granularity=16"
    "memorysetup-profiler-bucket-allocator-bucket-count=8"
    "memorysetup-profiler-bucket-allocator-block-size=33554432"
    "memorysetup-profiler-bucket-allocator-block-count=8"
    "memorysetup-profiler-allocator-block-size=16777216"
    "memorysetup-profiler-editor-allocator-block-size=1048576"
    "memorysetup-temp-allocator-size-main=16777216"
    "memorysetup-job-temp-allocator-block-size=2097152"
    "memorysetup-job-temp-allocator-block-size-background=1048576"
    "memorysetup-job-temp-allocator-reduction-small-platforms=262144"
Player connection [31680]  Target information:

Player connection [31680]  * "[IP] 192.168.0.51 [Port] 55504 [Flags] 2 [Guid] 4258122997 [EditorId] 4258122997 [Version] 1048832 [Id] WindowsEditor(7,admin) [Debug] 1 [PackageName] WindowsEditor [ProjectName] Editor" 

Player connection [31680] Host joined multi-casting on [225.0.0.222:54997]...
Player connection [31680] Host joined alternative multi-casting on [225.0.0.222:34997]...
Input System module state changed to: Initialized.
[Physics::Module] Initialized fallback backend.
[Physics::Module] Id: 0xdecafbad
[Package Manager] Connected to IPC stream "Upm-880" after 0.0 seconds.
[Licensing::Client] Successfully resolved entitlement details
Library Redirect Path: Library/
Initialising UDS system complete:
  - System type: Client
  - Resource namespace: 63c88d4e0c27e67db6add2ca1aa6b22f
  - Shared memory size: 1073741824
  - Command buffer id: 1052576
  - Command buffer size: 8192
  - Hashmap size: 4194304
  - Service connected: false
Launching Unity Data Store - C:/Program Files/Unity/Hub/Editor/6000.6.0f1/Editor/Data/Tools/Unity.DataStore.exe 
Unity Data Store artifact dir = Library/DataStore, working dir = C:/Users/infon/game[Physics::Module] Selected backend.
[Physics::Module] Name: PhysX
[Physics::Module] Id: 0xf2b8ea05
[Physics::Module] SDK Version: 4.1.2
[Physics::Module] Integration Version: 1.0.0
[Physics::Module] Threading Mode: Multi-Threaded
Unity Data Store running and initialised
Initialize engine version: 6000.6.0f1 (f7f8ed4d1e24)
[EntityIdStore] init: VM path (explicit commit), pageSize=4096, blockCount=1048576, entitiesPerBlock=256, slots reserved=4294967296 bytes
[Subsystems] Discovering subsystems at path C:/Program Files/Unity/Hub/Editor/6000.6.0f1/Editor/Data/Resources/UnitySubsystems
[Subsystems] Discovering subsystems at path C:/Users/infon/game/Assets
[D3D12 Device Filter] Vendor Name: NVIDIA
[D3D12 Device Filter] Device Name: NVIDIA GeForce RTX 4060 Ti
[D3D12 Device Filter] Driver Version: 32.0.15.9186
[D3D12 Device Filter] Feature Level: 12.2
[D3D12 Device Filter] Graphics Memory: 16109 MB
[D3D12 Device Filter] Processor Count: 48
[D3D12 Device Filter] Device Type: Discrete
GfxDevice: creating device client; kGfxThreadingModeSplitJobs
d3d12: failed to query info queue interface (0x80004002).
Direct3D:
    Version:         Direct3D 12 [level 12.2]
    Renderer:        NVIDIA GeForce RTX 4060 Ti (ID=0x2803)
    Vendor:          NVIDIA
    VRAM:            16109 MB
    App VRAM Budget: 15341 MB
    Driver:          32.0.15.9186
Initialize mono
Mono path[0] = 'C:/Program Files/Unity/Hub/Editor/6000.6.0f1/Editor/Data/Managed'
Mono path[1] = 'C:/Program Files/Unity/Hub/Editor/6000.6.0f1/Editor/Data/BCLExtensions/runtime/netstandard2.1'
Mono path[2] = 'C:/Program Files/Unity/Hub/Editor/6000.6.0f1/Editor/Data/MonoBleedingEdge/lib/mono/unityjit-win32'
Mono config path = 'C:/Program Files/Unity/Hub/Editor/6000.6.0f1/Editor/Data/MonoBleedingEdge/etc'
Using monoOptions --debugger-agent=transport=dt_socket,embedding=1,server=y,suspend=n,address=127.0.0.1:56880
CodeReloadManager initialized
ImportWorker Server TCP listen port: 0
AcceleratorClientConnectionCallback - disconnected - :0
Begin MonoManager ReloadAssembly
Registering precompiled unity dll's ...
Register platform support module: C:/Program Files/Unity/Hub/Editor/6000.6.0f1/Editor/Data/PlaybackEngines/WebGLSupport/UnityEditor.WebGL.Extensions.dll
Register platform support module: C:/Program Files/Unity/Hub/Editor/6000.6.0f1/Editor/Data/PlaybackEngines/WindowsStandaloneSupport/UnityEditor.WindowsStandalone.Extensions.dll
Registered in 0.004490 seconds.
Native extension for WindowsStandalone target not found
Native extension for WebGL target not found
Package Manager log level set to [2]
ScheduleIndexationOnStartup MainProcess:False IndexOnStartup:True
Scripting: successfully reloaded assembly
- Finished resetting the current domain, in  0.938 seconds
Domain Reload Profiling: 1637ms
	BeginReloadAssembly (153ms)
		CreateAndSetChildDomain (5ms)
	RebuildCommonClasses (6ms)
	RebuildNativeTypeToScriptingClass (24ms)
	initialDomainReloadingComplete (89ms)
	LoadAllAssembliesAndSetupDomain (423ms)
		LoadAssemblies (144ms)
		TypeCache.Refresh (293ms)
			TypeCache.ScanAssembly (274ms)
		AnalyzeDomain (1ms)
	FinalizeReload (941ms)
		SetupLoadedEditorAssemblies (0ms)
			InitializePlatformSupportModulesInManaged (3ms)
			BeforeProcessingInitializeOnLoad (139ms)
			ProcessInitializeOnLoadAttributes (105ms)
			ProcessInitializeOnLoadMethodAttributes (372ms)
[Licensing::Client] Successfully resolved entitlement details
Application.AssetDatabase Initial Refresh Start
[Package Manager] Restoring resolved packages state from cache
[Licensing::Client] Successfully resolved entitlement details
[Package Manager] Registered 71 packages:
  Packages from [https://packages.unity.com]:
    com.unity.2d.animation@16.0.0 (location: C:\Users\infon\game\Library\PackageCache\com.unity.2d.animation@147f6a6d9e7f)
    com.unity.2d.aseprite@6.0.0 (location: C:\Users\infon\game\Library\PackageCache\com.unity.2d.aseprite@ab909e3e9b5f)
    com.unity.2d.psdimporter@15.0.0 (location: C:\Users\infon\game\Library\PackageCache\com.unity.2d.psdimporter@3ef8178676f6)
    com.unity.2d.spriteshape@16.0.0 (location: C:\Users\infon\game\Library\PackageCache\com.unity.2d.spriteshape@42798c9d35d3)
    com.unity.2d.tilemap.extras@9.0.0 (location: C:\Users\infon\game\Library\PackageCache\com.unity.2d.tilemap.extras@598e8b65eaae)
    com.unity.2d.tooling@4.0.0 (location: C:\Users\infon\game\Library\PackageCache\com.unity.2d.tooling@92c2769ac09c)
    com.unity.collab-proxy@2.13.6 (location: C:\Users\infon\game\Library\PackageCache\com.unity.collab-proxy@4628d2ba6ea4)
    com.unity.ide.rider@3.0.38 (location: C:\Users\infon\game\Library\PackageCache\com.unity.ide.rider@1f60b3138684)
    com.unity.ide.visualstudio@2.0.26 (location: C:\Users\infon\game\Library\PackageCache\com.unity.ide.visualstudio@a99d56dec63f)
    com.unity.inputsystem@1.20.0 (location: C:\Users\infon\game\Library\PackageCache\com.unity.inputsystem@7a4e1a2a8194)
    com.unity.learn.iet-framework@6.0.7 (location: C:\Users\infon\game\Library\PackageCache\com.unity.learn.iet-framework@96330db47073)
    com.unity.visualscripting@1.9.12 (location: C:\Users\infon\game\Library\PackageCache\com.unity.visualscripting@4edfcc09512f)
    com.unity.settings-manager@2.1.1 (location: C:\Users\infon\game\Library\PackageCache\com.unity.settings-manager@0b8638c5ce86)
    com.unity.2d.common@15.0.0 (location: C:\Users\infon\game\Library\PackageCache\com.unity.2d.common@b779c433ed47)
    com.unity.searcher@4.9.5 (location: C:\Users\infon\game\Library\PackageCache\com.unity.searcher@a463122f2c00)
    com.unity.profiling.core@1.0.3 (location: C:\Users\infon\game\Library\PackageCache\com.unity.profiling.core@8a49f7027d06)
    com.unity.nuget.mono-cecil@1.11.6 (location: C:\Users\infon\game\Library\PackageCache\com.unity.nuget.mono-cecil@ecb9724e46ff)
  Built-in packages:
    com.unity.2d.sprite@1.0.0 (location: C:\Users\infon\game\Library\PackageCache\com.unity.2d.sprite@947350d67f82)
    com.unity.2d.tilemap@1.0.0 (location: C:\Users\infon\game\Library\PackageCache\com.unity.2d.tilemap@639ca1d99254)
    com.unity.render-pipelines.universal@17.6.0 (location: C:\Users\infon\game\Library\PackageCache\com.unity.render-pipelines.universal@8457e85b8184)
    com.unity.test-framework@1.8.0 (location: C:\Users\infon\game\Library\PackageCache\com.unity.test-framework@7a3849e09bd0)
    com.unity.timeline@6.6.0 (location: C:\Users\infon\game\Library\PackageCache\com.unity.timeline@281d5f7e7d7d)
    com.unity.ugui@2.6.0 (location: C:\Users\infon\game\Library\PackageCache\com.unity.ugui@23caec89ae27)
    com.unity.modules.accessibility@1.0.0 (location: C:\Users\infon\game\Library\PackageCache\com.unity.modules.accessibility)
    com.unity.modules.adaptiveperformance@1.0.0 (location: C:\Users\infon\game\Library\PackageCache\com.unity.modules.adaptiveperformance)
    com.unity.modules.ai@1.0.0 (location: C:\Users\infon\game\Library\PackageCache\com.unity.modules.ai)
    com.unity.modules.androidjni@1.0.0 (location: C:\Users\infon\game\Library\PackageCache\com.unity.modules.androidjni)
    com.unity.modules.animation@1.0.0 (location: C:\Users\infon\game\Library\PackageCache\com.unity.modules.animation)
    com.unity.modules.assetbundle@1.0.0 (location: C:\Users\infon\game\Library\PackageCache\com.unity.modules.assetbundle)
    com.unity.modules.audio@1.0.0 (location: C:\Users\infon\game\Library\PackageCache\com.unity.modules.audio)
    com.unity.modules.cloth@1.0.0 (location: C:\Users\infon\game\Library\PackageCache\com.unity.modules.cloth)
    com.unity.modules.director@1.0.0 (location: C:\Users\infon\game\Library\PackageCache\com.unity.modules.director)
    com.unity.modules.imageconversion@1.0.0 (location: C:\Users\infon\game\Library\PackageCache\com.unity.modules.imageconversion)
    com.unity.modules.imgui@1.0.0 (location: C:\Users\infon\game\Library\PackageCache\com.unity.modules.imgui)
    com.unity.modules.jsonserialize@1.0.0 (location: C:\Users\infon\game\Library\PackageCache\com.unity.modules.jsonserialize)
    com.unity.modules.particlesystem@1.0.0 (location: C:\Users\infon\game\Library\PackageCache\com.unity.modules.particlesystem)
    com.unity.modules.physics@1.0.0 (location: C:\Users\infon\game\Library\PackageCache\com.unity.modules.physics)
    com.unity.modules.physics2d@1.0.0 (location: C:\Users\infon\game\Library\PackageCache\com.unity.modules.physics2d)
    com.unity.modules.physicscore2d@1.0.0 (location: C:\Users\infon\game\Library\PackageCache\com.unity.modules.physicscore2d)
    com.unity.modules.screencapture@1.0.0 (location: C:\Users\infon\game\Library\PackageCache\com.unity.modules.screencapture)
    com.unity.modules.terrain@1.0.0 (location: C:\Users\infon\game\Library\PackageCache\com.unity.modules.terrain)
    com.unity.modules.terrainphysics@1.0.0 (location: C:\Users\infon\game\Library\PackageCache\com.unity.modules.terrainphysics)
    com.unity.modules.tetgen@1.0.0 (location: C:\Users\infon\game\Library\PackageCache\com.unity.modules.tetgen)
    com.unity.modules.tilemap@1.0.0 (location: C:\Users\infon\game\Library\PackageCache\com.unity.modules.tilemap)
    com.unity.modules.timelinefoundation@1.0.0 (location: C:\Users\infon\game\Library\PackageCache\com.unity.modules.timelinefoundation)
    com.unity.modules.ui@1.0.0 (location: C:\Users\infon\game\Library\PackageCache\com.unity.modules.ui)
    com.unity.modules.uielements@1.0.0 (location: C:\Users\infon\game\Library\PackageCache\com.unity.modules.uielements)
    com.unity.modules.umbra@1.0.0 (location: C:\Users\infon\game\Library\PackageCache\com.unity.modules.umbra)
    com.unity.modules.unityanalytics@1.0.0 (location: C:\Users\infon\game\Library\PackageCache\com.unity.modules.unityanalytics)
    com.unity.modules.unitywebrequest@1.0.0 (location: C:\Users\infon\game\Library\PackageCache\com.unity.modules.unitywebrequest)
    com.unity.modules.unitywebrequestassetbundle@1.0.0 (location: C:\Users\infon\game\Library\PackageCache\com.unity.modules.unitywebrequestassetbundle)
    com.unity.modules.unitywebrequestaudio@1.0.0 (location: C:\Users\infon\game\Library\PackageCache\com.unity.modules.unitywebrequestaudio)
    com.unity.modules.unitywebrequesttexture@1.0.0 (location: C:\Users\infon\game\Library\PackageCache\com.unity.modules.unitywebrequesttexture)
    com.unity.modules.unitywebrequestwww@1.0.0 (location: C:\Users\infon\game\Library\PackageCache\com.unity.modules.unitywebrequestwww)
    com.unity.modules.vectorgraphics@1.0.0 (location: C:\Users\infon\game\Library\PackageCache\com.unity.modules.vectorgraphics)
    com.unity.modules.vehicles@1.0.0 (location: C:\Users\infon\game\Library\PackageCache\com.unity.modules.vehicles)
    com.unity.modules.video@1.0.0 (location: C:\Users\infon\game\Library\PackageCache\com.unity.modules.video)
    com.unity.modules.wind@1.0.0 (location: C:\Users\infon\game\Library\PackageCache\com.unity.modules.wind)
    com.unity.modules.xr@1.0.0 (location: C:\Users\infon\game\Library\PackageCache\com.unity.modules.xr)
    com.unity.modules.subsystems@1.0.0 (location: C:\Users\infon\game\Library\PackageCache\com.unity.modules.subsystems)
    com.unity.modules.hierarchycore@1.0.0 (location: C:\Users\infon\game\Library\PackageCache\com.unity.modules.hierarchycore)
    com.unity.ext.nunit@2.1.0 (location: C:\Users\infon\game\Library\PackageCache\com.unity.ext.nunit@0198eae3b53e)
    com.unity.render-pipelines.core@17.6.0 (location: C:\Users\infon\game\Library\PackageCache\com.unity.render-pipelines.core@2d66c71e606e)
    com.unity.shadergraph@17.6.0 (location: C:\Users\infon\game\Library\PackageCache\com.unity.shadergraph@ef6135652377)
    com.unity.render-pipelines.universal-config@17.6.0 (location: C:\Users\infon\game\Library\PackageCache\com.unity.render-pipelines.universal-config@561422b74439)
    com.unity.editorcoroutines@6.6.0 (location: C:\Users\infon\game\Library\PackageCache\com.unity.editorcoroutines@8cd72baa102a)
    com.unity.mathematics@1.4.0 (location: C:\Users\infon\game\Library\PackageCache\com.unity.mathematics@8306a64d0cd6)
    com.unity.collections@6.6.0 (location: C:\Users\infon\game\Library\PackageCache\com.unity.collections@10fff0607388)
    com.unity.graph-authoring@1.0.0 (location: C:\Users\infon\game\Library\PackageCache\com.unity.graph-authoring@cfd2588851ee)
    com.unity.burst@2.0.0 (location: C:\Users\infon\game\Library\PackageCache\com.unity.burst@626e66ab421b)
    com.unity.test-framework.performance@6.6.0 (location: C:\Users\infon\game\Library\PackageCache\com.unity.test-framework.performance@0a60b857a52e)
[Subsystems] No new subsystems found in resolved package list.
[Package Manager] Done registering packages in 0.04 seconds
[ScriptCompilation] Requested script compilation because: AssetDatabase observed changes in script compilation related files
Starting: C:\Program Files\Unity\Hub\Editor\6000.6.0f1\Editor\Data\Tools\BuildPipeline\bee_backend.exe --ipc --defer-dag-verification --dagfile="Library/Bee/1900b0aE.dag" --continue-on-failure --profile="Library/Bee/backend1.traceevents" ScriptAssemblies
WorkingDir: C:/Users/infon/game
warn: Unity.ILPP.Runner.PostProcessingAssemblyLoadContext[0]
      Assembly system.runtime.interopservices.windowsruntime has duplicate hint path. Ignoring "C:\Program Files\Unity\Hub\Editor\6000.6.0f1\Editor\Data\UnityReferenceAssemblies\unity-4.8-api\Facades\System.Runtime.InteropServices.WindowsRuntime.dll" in favor of "C:\Program Files\Unity\Hub\Editor\6000.6.0f1\Editor\Data\NetStandard\Extensions\2.0.0\System.Runtime.InteropServices.WindowsRuntime.dll"
warn: Unity.ILPP.Runner.PostProcessingAssemblyLoadContext[0]
      Assembly system.componentmodel.composition has duplicate hint path. Ignoring "C:\Program Files\Unity\Hub\Editor\6000.6.0f1\Editor\Data\UnityReferenceAssemblies\unity-4.8-api\System.ComponentModel.Composition.dll" in favor of "C:\Program Files\Unity\Hub\Editor\6000.6.0f1\Editor\Data\NetStandard\compat\2.1.0\shims\netfx\System.ComponentModel.Composition.dll"
ExitCode: 0 Duration: 2s3ms
[ 970/1266  0s] Csc Library/Bee/artifacts/1900b0aE.dag/Assembly-CSharp.dll (+2 others)
[ 971/1266  0s] ILPP-Configuration Library/ilpp-configuration.nevergeneratedoutput
[1263/1266  1s] ILPostProcess Library/Bee/artifacts/1900b0aE.dag/post-processed/Assembly-CSharp.dll (+pdb)
Processing assembly Library/Bee/artifacts/1900b0aE.dag/Assembly-CSharp.dll, with 149 defines and 377 references

processors: Unity.Jobs.CodeGen.JobsILPostProcessor, zzzUnity.Burst.CodeGen.BurstILPostProcessor

1 processor(s) skipped this assembly

running Unity.Jobs.CodeGen.JobsILPostProcessor
[1264/1266  0s] CopyFiles Library/ScriptAssemblies/Assembly-CSharp.dll
[1265/1266  0s] CopyFiles Library/ScriptAssemblies/Assembly-CSharp.pdb
*** Tundra build success (1.90 seconds), 5 items updated, 1266 evaluated
AssetDatabase: script compilation time: 8.930224s
Begin MonoManager ReloadAssembly
Total cache size 75250908
Total cache size after purge 75250908, took 00:00:00.2726942
'Packages/com.unity.render-pipelines.core/Editor/Deprecated.cs' contains partial class of Unity.Object, exactly 1 of the partial classes needs to be in a file with the same filename. This is to know the one that can be referenced from ie. GameObjects
'Packages/com.unity.render-pipelines.core/Editor/Deprecated.cs' contains partial class of Unity.Object, exactly 1 of the partial classes needs to be in a file with the same filename. This is to know the one that can be referenced from ie. GameObjects
Refreshing native plugins compatible for Editor in 9.57 ms, found 5 plugins.
Native extension for WindowsStandalone target not found
Native extension for WebGL target not found
ScheduleIndexationOnStartup MainProcess:True IndexOnStartup:True
Scripting: successfully reloaded assembly
- Finished resetting the current domain, in  1.180 seconds
Domain Reload Profiling: 2425ms
	BeginReloadAssembly (295ms)
		DisableScriptedObjects (29ms)
		CreateAndSetChildDomain (69ms)
	RebuildCommonClasses (13ms)
	RebuildNativeTypeToScriptingClass (25ms)
	initialDomainReloadingComplete (81ms)
	LoadAllAssembliesAndSetupDomain (830ms)
		LoadAssemblies (458ms)
		TypeCache.Refresh (222ms)
			TypeCache.ScanAssembly (206ms)
		AnalyzeDomain (96ms)
			BuildScriptInfoCaches (84ms)
			ResolveRequiredComponents (9ms)
	FinalizeReload (1181ms)
		SetupLoadedEditorAssemblies (0ms)
			BeforeProcessingInitializeOnLoad (134ms)
			ProcessInitializeOnLoadAttributes (370ms)
			ProcessInitializeOnLoadMethodAttributes (346ms)
			AfterProcessingInitializeOnLoad (11ms)
		AwakeInstancesAfterBackupRestoration (33ms)
Starting new worker id: 0 with log in C:/Users/infon/game/Logs/AssetImportWorkerHW0.log
Refreshing native plugins compatible for Editor in 3.41 ms, found 5 plugins.

Asset Pipeline Refresh (id=5ffecf3659d6c534c94dfd1532f929b7): Total: 13.229 seconds - Initiated by InitialRefreshV2(ForceSynchronousImport)
	(Values over 0.05ms)
	Summary:
		Imports: total=0 (actual=0, local cache=0, cache server=0)
		Asset DB Process Time: managed=0 ms, native=2535 ms
		Asset DB Callback time: managed=259 ms, native=55 ms
		Scripting: domain reloads=1, domain reload time=1350 ms, compile time=8933 ms, other=94 ms
		Project Asset Count: scripts=1681, non-scripts=3284
		Asset File Changes: new=0, changed=1, moved=0, deleted=0
		Scan Filter Count: 0
	InvokePackagesCallback: 41.795ms
	ApplyChangesToAssetFolders: 0.829ms
	Scan: 707.435ms
	Collect global state as custom dependencies: 31.953ms
	OnSourceAssetsModified: 0.987ms
	CategorizeScriptCompilationAssets: 86.456ms
	ProcessAssetsWithTransientArtifactChanges: 107.281ms
	CategorizeAssets: 80.750ms
	CompileScripts: 8933.048ms
	ImportOutOfDateAssets: 1216.248ms (1200.780ms without children)
		ReloadNativeAssets: 0.051ms
		UnloadImportedAssets: 0.923ms
		EnsureUptoDateAssetsAreRegisteredWithGuidPM: 0.917ms
		ImportSchedulerStart: 13.572ms
	PostProcessAllAssets: 261.963ms
		VCAutoAddAssetPostprocess 1.376ms
		XRBuildSystem.XRAssetImported 0.983ms
		PostProcessCallbackCreateDeferredMaterials 0.067ms
		MonoPostProcessAllAssets: 258.995ms
			AssetPostprocessor.OnPostprocessAllAssets 151.758ms
			StyleCatalogPostProcessor.OnPostprocessAllAssets 29.916ms
			UniversalRenderPipelineGlobalSettingsPostprocessor.OnPostprocessAllAssets 19.997ms
			AssetChangedListener.OnPostprocessAllAssets 9.157ms
			BuilderAssetPostprocessor.OnPostprocessAllAssets 6.897ms
			SyncVS.PostprocessSyncProject 3.891ms
			RetainedModeAssetPostprocessor.OnPostprocessAllAssets 2.756ms
			SpriteSlicePostprocessor.OnPostprocessAllAssets 2.554ms
			ShaderGraphAssetPostProcessor.OnPostprocessAllAssets 2.275ms
			WindowAssetPostprocessingWatcher.OnPostprocessAllAssets 1.934ms
			SpeedTree9Postprocessor.OnPostprocessAllAssets 1.905ms
			EditModeScopePostprocessor.OnPostprocessAllAssets 0.971ms
			MaterialPostprocessor.OnPostprocessAllAssets 0.807ms
			RenderPipelineGlobalSettingsPostprocessor.OnPostprocessAllAssets 0.741ms
			PostProcessor.OnPostprocessAllAssets 0.678ms
			ArtifactBrowserPostProcessor.OnPostprocessAllAssets 0.651ms
			TextAssetPostProcessor.OnPostprocessAllAssets 0.634ms
			SpriteEditorTexturePostprocessor.OnPostprocessAllAssets 0.608ms
			ShaderReflectionAssetPostProcessor.OnPostprocessAllAssets 0.571ms
			UVCSAssetPostprocessor.OnPostprocessAllAssets 0.403ms
			AudioMixerPostprocessor.OnPostprocessAllAssets 0.398ms
			SpriteShapeAssetPostProcessor.OnPostprocessAllAssets 0.391ms
			InputActionAssetPostprocessor.OnPostprocessAllAssets 0.383ms
			ReferencedClipsPostProcessor.OnPostprocessAllAssets 0.319ms
			InputActionJsonNameModifierAssetProcessor.OnPostprocessAllAssets 0.293ms
			AssetEvents.OnPostprocessAllAssets 0.287ms
			TMPro_TexturePostProcessor.OnPostprocessAllAssets 0.285ms
			AssetProcessor.OnPostprocessAllAssets 0.269ms
			ProjectSettingsPostprocessor.OnPostprocessAllAssets 0.236ms
			SpriteLibraryAssetPostprocessor.OnPostprocessAllAssets 0.234ms
			TerrainToolbarOverlayPostProcessor.OnPostprocessAllAssets 0.215ms
			AssetDatabaseCallbacks.OnPostprocessAllAssets 0.170ms
			SpeedTreePostProcessor.OnPostprocessAllAssets 0.163ms
			PSDImportPostProcessor.OnPostprocessAllAssets 0.159ms
			ThemePostprocessor.OnPostprocessAllAssets 0.158ms
			ConfigAssetsTracker.OnPostprocessAllAssets 0.157ms
			SamplePostprocessor.OnPostprocessAllAssets 0.154ms
			ScenarioDriftAssetsTracker.OnPostprocessAllAssets 0.132ms
			AssetReloadNotifier.OnPostprocessAllAssets 0.112ms
			PSDImporterAssetPostProcessor.OnPostprocessAllAssets 0.099ms
			AudioContainerPostProcessor.OnPostprocessAllAssets 0.086ms
	PostAssetChangesProfiler: 13.178ms
	UnloadStreamsBegin: 2.462ms
	PersistCurrentRevisions: 0.125ms
	GenerateScriptTypeHashes: 2.367ms
	GenerateScriptTypeSerializationHashes: 4.214ms
	Untracked: 1737.238ms

Application.AssetDatabase Initial Refresh End
Launched and connected shader compiler UnityShaderCompiler.exe after 0.04 seconds
Scanning for USB devices : 11.267ms
Initializing Unity extensions:
Worker ready: AssetImportWorkerHW0 0
[MODES] ModeService[none].Initialize
[MODES] ModeService[none].LoadModes
[MODES] Loading mode Default (0) for mode-current-id-game
Unloading 26 Unused Serialized files (Serialized files now loaded: 0)
Loaded scene 'Assets/Scenes/SampleScene.unity'
	Deserialize:            5.603 ms
	Integration:            19.686 ms
	Integration of assets:  0.004 ms
	Thread Wait Time:       0.019 ms
	Total Operation Time:   25.312 ms
Unloading 7524 unused Assets / (7.6 MB). Loaded Objects now: 8544.
Memory consumption went from 453.9 MB to 446.3 MB.
Total: 15.318600 ms (FindLiveObjects: 0.899300 ms CreateObjectMapping: 0.313000 ms MarkObjects: 8.994900 ms  DeleteObjects: 4.853700 ms)

[LAYOUT] About to load UserSettings\Layouts\default-6000.dwlt, keepMainWindow=False
[LAYOUT] About to save layout C:\Users\infon\game\UserSettings\Layouts\default-6000.dwlt
[LAYOUT] About to save layout C:/Users/infon/AppData/Roaming/Unity/Editor-5.x/Preferences\Layouts\current\default-6000.dwlt
[MODES] ModeService[default].InitializeCurrentMode
[MODES] ModeService[default].RaiseModeChanged(default, default)
<RI> Initializing input.
Using Windows.Gaming.Input
[Project] Loading completed in 21.689 seconds
	Project init time: 				20.252 seconds
		Template init time: 		0.000 seconds
		Package Manager init time: 		0.033 seconds
		Asset Database init time: 		0.560 seconds
		Global illumination init time: 	0.008 seconds
		Assemblies load time: 			1.711 seconds
		Unity extensions init time: 	0.026 seconds
		Asset Database refresh time: 	13.229 seconds
	Scene opening time: 			1.174 seconds
##utp:{"type":"ProjectInfo","version":2,"phase":"Immediate","time":1788786861019,"processId":880,"projectLoad":21.6891395,"projectInit":20.2516314,"templateInit":0.0,"packageManagerInit":0.0326455,"assetDatabaseInit":0.5598428,"globalIlluminationInit":0.0084464,"assembliesLoad":1.7113148,"unityExtensionsInit":0.0259452,"assetDatabaseRefresh":13.2293575,"sceneOpening":1.1735367}
##utp:{"type":"EditorInfo","version":2,"phase":"Immediate","time":1788786861020,"processId":880,"editorVersion":"6000.6.0f1 (f7f8ed4d1e24)","branch":"6000.6/respin/6000.6.0f1-fa21a270ab12","buildType":"Release","platform":"Windows"}
Reloading assemblies due to reload request.
Reloading assemblies after forced synchronous recompile.
Begin MonoManager ReloadAssembly
'Packages/com.unity.render-pipelines.core/Editor/Deprecated.cs' contains partial class of Unity.Object, exactly 1 of the partial classes needs to be in a file with the same filename. This is to know the one that can be referenced from ie. GameObjects
'Packages/com.unity.render-pipelines.core/Editor/Deprecated.cs' contains partial class of Unity.Object, exactly 1 of the partial classes needs to be in a file with the same filename. This is to know the one that can be referenced from ie. GameObjects
Refreshing native plugins compatible for Editor in 3.40 ms, found 5 plugins.
Native extension for WindowsStandalone target not found
Native extension for WebGL target not found
[MODES] ModeService[none].Initialize
[MODES] ModeService[none].LoadModes
ScheduleIndexationOnStartup MainProcess:True IndexOnStartup:True
Scripting: successfully reloaded assembly
- Finished resetting the current domain, in  2.645 seconds
Domain Reload Profiling: 3701ms
	BeginReloadAssembly (660ms)
		DisableScriptedObjects (138ms)
		CreateAndSetChildDomain (300ms)
	RebuildCommonClasses (14ms)
	RebuildNativeTypeToScriptingClass (24ms)
	initialDomainReloadingComplete (81ms)
	LoadAllAssembliesAndSetupDomain (276ms)
		LoadAssemblies (176ms)
		TypeCache.Refresh (9ms)
		AnalyzeDomain (30ms)
			ResolveRequiredComponents (26ms)
	FinalizeReload (2646ms)
		SetupLoadedEditorAssemblies (0ms)
			BeforeProcessingInitializeOnLoad (261ms)
			ProcessInitializeOnLoadAttributes (440ms)
			ProcessInitializeOnLoadMethodAttributes (169ms)
			AfterProcessingInitializeOnLoad (11ms)
		AwakeInstancesAfterBackupRestoration (723ms)
No restricted APIs configured; Validation skipped.
Checking 18 assemblies for restricted APIs found 0 usage(s) in 14 ms
Refreshing native plugins compatible for Editor in 3.47 ms, found 5 plugins.

Asset Pipeline Refresh (id=baa04ed2faddd1c4a8373968cc7265b2): Total: 5.852 seconds - Initiated by StopAssetImportingV2(ForceSynchronousImport | ForceDomainReload)
	(Values over 0.05ms)
	Summary:
		Imports: total=0 (actual=0, local cache=0, cache server=0)
		Asset DB Process Time: managed=0 ms, native=3040 ms
		Asset DB Callback time: managed=1120 ms, native=563 ms
		Scripting: domain reloads=1, domain reload time=1125 ms, compile time=2 ms, other=0 ms
		Project Asset Count: scripts=1681, non-scripts=3284
		Asset File Changes: new=0, changed=0, moved=0, deleted=0
		Scan Filter Count: 0
	InvokePackagesCallback: 2.411ms
	ApplyChangesToAssetFolders: 0.357ms
	Collect global state as custom dependencies: 4.037ms
	ProcessAssetsWithTransientArtifactChanges: 233.611ms
	CategorizeAssets: 80.429ms
	CompileScripts: 2.410ms
	ImportOutOfDateAssets: 2665.669ms (2658.629ms without children)
		CollectScriptTypesHashes: 1.801ms
		ReloadNativeAssets: 1.175ms
		UnloadImportedAssets: 4.304ms
		EnsureUptoDateAssetsAreRegisteredWithGuidPM: 1.083ms
		ImportSchedulerStart: 0.442ms
	PostProcessAllAssets: 1657.316ms
		AssemblyValidation.PostprocessAllAssets 36.857ms
		PostprocessAssetsUpdateCachedIcon 27.790ms
		PostProcessCallbackCreateDeferredMaterials 22.375ms
		SpriteAtlasDatabase.OnAssetPostprocessCallback 21.624ms
		ShaderAssetModifiedCallback 12.983ms
		RaytracingShaderImportPostprocess 12.562ms
		ComputeShaderImportPostprocess 12.244ms
		SpeedTreeImporter.PostprocessAllAssets 10.574ms
		BlockShaderImporter.PostprocessAllAssets 4.865ms
		LocalizationDatabase.AssetDatabasePostprocessCallback 4.549ms
		XRBuildSystem.XRAssetImported 0.867ms
		MonoPostProcessAllAssets: 1117.295ms
			SyncVS.PostprocessSyncProject 387.451ms
			ShaderGraphAssetPostProcessor.OnPostprocessAllAssets 241.454ms
			PostProcessor.OnPostprocessAllAssets 63.133ms
			AssetChangedListener.OnPostprocessAllAssets 51.367ms
			AssetPostprocessor.OnPostprocessAllAssets 51.011ms
			MaterialPostprocessor.OnPostprocessAllAssets 44.904ms
			InputActionJsonNameModifierAssetProcessor.OnPostprocessAllAssets 44.676ms
			InputActionAssetPostprocessor.OnPostprocessAllAssets 43.974ms
			TextAssetPostProcessor.OnPostprocessAllAssets 28.848ms
			SpriteSlicePostprocessor.OnPostprocessAllAssets 26.096ms
			UniversalRenderPipelineGlobalSettingsPostprocessor.OnPostprocessAllAssets 18.727ms
			BuilderAssetPostprocessor.OnPostprocessAllAssets 8.488ms
			RenderPipelineGlobalSettingsPostprocessor.OnPostprocessAllAssets 8.020ms
			SpeedTree9Postprocessor.OnPostprocessAllAssets 6.201ms
			RetainedModeAssetPostprocessor.OnPostprocessAllAssets 2.866ms
			WindowAssetPostprocessingWatcher.OnPostprocessAllAssets 1.965ms
			ProjectSettingsPostprocessor.OnPostprocessAllAssets 1.312ms
			EditModeScopePostprocessor.OnPostprocessAllAssets 1.103ms
			ArtifactBrowserPostProcessor.OnPostprocessAllAssets 0.844ms
			ThemePostprocessor.OnPostprocessAllAssets 0.811ms
			ShaderReflectionAssetPostProcessor.OnPostprocessAllAssets 0.715ms
			SpriteEditorTexturePostprocessor.OnPostprocessAllAssets 0.680ms
			SpeedTreePostProcessor.OnPostprocessAllAssets 0.652ms
			StyleCatalogPostProcessor.OnPostprocessAllAssets 0.616ms
			SpriteShapeAssetPostProcessor.OnPostprocessAllAssets 0.500ms
			AudioMixerPostprocessor.OnPostprocessAllAssets 0.486ms
			UVCSAssetPostprocessor.OnPostprocessAllAssets 0.410ms
			TMPro_TexturePostProcessor.OnPostprocessAllAssets 0.359ms
			ReferencedClipsPostProcessor.OnPostprocessAllAssets 0.358ms
			AssetEvents.OnPostprocessAllAssets 0.295ms
			SpriteLibraryAssetPostprocessor.OnPostprocessAllAssets 0.233ms
			SamplePostprocessor.OnPostprocessAllAssets 0.187ms
			AssetDatabaseCallbacks.OnPostprocessAllAssets 0.184ms
			ConfigAssetsTracker.OnPostprocessAllAssets 0.169ms
			TerrainToolbarOverlayPostProcessor.OnPostprocessAllAssets 0.162ms
			PSDImportPostProcessor.OnPostprocessAllAssets 0.149ms
			ScenarioDriftAssetsTracker.OnPostprocessAllAssets 0.144ms
			AssetReloadNotifier.OnPostprocessAllAssets 0.133ms
			AudioContainerPostProcessor.OnPostprocessAllAssets 0.105ms
			PSDImporterAssetPostProcessor.OnPostprocessAllAssets 0.099ms
			AssetProcessor.OnPostprocessAllAssets 0.060ms
	PostAssetChangesProfiler: 25.916ms
	GatherAllCurrentPrimaryImportResultRevisions: 0.181ms
	UnloadStreamsBegin: 1.862ms
	PersistCurrentRevisions: 0.124ms
	GenerateScriptTypeHashes: 4.022ms
	GenerateScriptTypeSerializationHashes: 6.893ms
	Untracked: 1167.129ms

Created GICache directory at C:/Users/infon/AppData/LocalLow/Unity/Caches/GiCache. Took: 0.036s, timestamps: [22.972 - 23.008]
Request Asset Garbage Collect because used heap size increased from 446.2 MB to 0.70 GB, exceeding the threshold of 256.0 MB.
Unloading 48 Unused Serialized files (Serialized files now loaded: 0)
Unloading 6858 unused Assets / (20.7 MB). Loaded Objects now: 9704.
Memory consumption went from 0.68 GB to 0.66 GB.
Total: 27.422000 ms (FindLiveObjects: 2.429800 ms CreateObjectMapping: 0.633900 ms MarkObjects: 16.872400 ms  DeleteObjects: 7.253900 ms)

[Licensing::Client] Successfully resolved entitlement details
[Licensing::Client] Successfully resolved entitlement details
[Licensing::Client] Successfully updated the access token
[Licensing::Module] Successfully updated access token: "gBM0KB4L"... (expires: 2026-09-07T15:11:05Z)
[Licensing::Client] Successfully resolved entitlement details
[Licensing::Client] Successfully resolved entitlement details
UPID Received '87c76f71-6dd4-4311-8ff4-0c90b810dca2'.
[Licensing::Client] Successfully resolved entitlement details
Start Indexing on Editor startup
[Indexing] Starting Initial Indexing for Assets
Asset Pipeline Refresh (id=b00a6d825c90bd6448b9620cc80113ee): Total: 0.008 seconds - Initiated by RefreshV2(AllowForceSynchronousImport)
Starting new worker id: 1 with log in C:/Users/infon/game/Logs/AssetImportWorkerHW1.log
[Worker0] Imported GUID: 8c9cfa26abfee488c85f1582747f6a02 - Path: Assets/Scenes/SampleScene.unity - Importer: ScriptedImporter/UnityEditor.QuickSearchModule:UnityEditor.Search:ASIAI0B -> (ImportResultId: 'c0856c0d94554630dc0f9a33b9dcae6b') in 0.0925372 seconds
[Worker0] Imported GUID: 69e8e05074d3d8644bfb51d89aa528e1 - Path: Assets/PlayerMovement.cs - Importer: ScriptedImporter/UnityEditor.QuickSearchModule:UnityEditor.Search:ASIAI0B -> (ImportResultId: 'f2c99577a2148f6a0aa6a45b17c6330e') in 0.038348 seconds
Worker ready: AssetImportWorkerHW1 1
[Worker0] Imported GUID: 7dc5f1e5d04ac8549ac21802071e983b - Path: Packages/com.unity.2d.sprite/package.json - Importer: PreviewImporter -> (ImportResultId: 'c62e5e6334129491c86b4f5935b91e06') in 0.0314894 seconds
[Worker0] Imported GUID: 7e2656e167a517b4d8552ba38f4b7bbe - Path: Packages/com.unity.2d.sprite/Tests - Importer: PreviewImporter -> (ImportResultId: 'fd87b21a0e7bc3ba2f5c7bb29188c610') in 0.0153913 seconds
TrimDiskCacheJob: Current cache size 0mb
Importing 'GUID: 23748f2e82d2a0b41adb0e0d9c09e85d - Path: Assets/game character sidways.png' with importer (TextureImporter)
Imported 'GUID: 23748f2e82d2a0b41adb0e0d9c09e85d' -> (Import Result ID: 'f05402c6809b5756d6d495f8d88e5817') in 0.032 seconds [static and dynamic dependencies]. Details - ImportResultOutputID=f8ca433331730a61510bb78cae64661d DependenciesID=c2e5b518134cb3627dbe6e5234a5d964 StaticDependenciesID=5eb24bb2f13b6b542a1a97164ce9216b 
Importing 'GUID: c3857b3eddee1074bb044c8e3766499c - Path: Assets/game character.png' with importer (TextureImporter)
Imported 'GUID: c3857b3eddee1074bb044c8e3766499c' -> (Import Result ID: 'cabb79c2e259e4109c65f110149192b5') in 0.011 seconds [static and dynamic dependencies]. Details - ImportResultOutputID=46bd225c115617432d60006159d0c472 DependenciesID=66f09580eb7434122323688fcddb6298 StaticDependenciesID=569d315ed84fcaace63a064644e26b99 
Refreshing native plugins compatible for Editor in 3.15 ms, found 5 plugins.
Asset Pipeline Refresh (id=bb53676dc194028458171f037a55a95c): Total: 0.121 seconds - Initiated by RefreshV2(AllowForceSynchronousImport)
[Worker1] Imported GUID: 23748f2e82d2a0b41adb0e0d9c09e85d - Path: Assets/game character sidways.png - Importer: PreviewImporter -> (ImportResultId: '98eabeb24c081ffc7b065526a003ed67') in 0.1180541 seconds
[Worker0] Imported GUID: c3857b3eddee1074bb044c8e3766499c - Path: Assets/game character.png - Importer: PreviewImporter -> (ImportResultId: '7d0c56ea8c461a4419c42e7d2fa9c06f') in 0.1207684 seconds
[Worker0] Imported GUID: 23748f2e82d2a0b41adb0e0d9c09e85d - Path: Assets/game character sidways.png - Importer: ScriptedImporter/UnityEditor.QuickSearchModule:UnityEditor.Search:ASIAI0B -> (ImportResultId: '54b9a8204f6ba3cae5700bb303681ab8') in 0.0706822 seconds
[Worker1] Imported GUID: c3857b3eddee1074bb044c8e3766499c - Path: Assets/game character.png - Importer: ScriptedImporter/UnityEditor.QuickSearchModule:UnityEditor.Search:ASIAI0B -> (ImportResultId: '4bbe9f9253767a67a10e527e698cd198') in 0.150912 seconds
Asset Pipeline Refresh (id=b59852ee5a2616b46b6480b4e8b19787): Total: 0.016 seconds - Initiated by RefreshV2(AllowForceSynchronousImport)
Asset Pipeline Refresh (id=3da2ccb832cec5b4a8a94b455ad3e8e9): Total: 0.006 seconds - Initiated by RefreshV2(AllowForceSynchronousImport)
Asset Pipeline Refresh (id=84f589bbb1860244b90286098e548a4c): Total: 0.008 seconds - Initiated by RefreshV2(AllowForceSynchronousImport)
Asset Pipeline Refresh (id=f5cb68af6ad4b2d4aac62d526c8d2ce9): Total: 0.005 seconds - Initiated by RefreshV2(AllowForceSynchronousImport)
Starting new worker id: 2 with log in C:/Users/infon/game/Logs/AssetImportWorkerHW2.log
Starting new worker id: 3 with log in C:/Users/infon/game/Logs/AssetImportWorkerHW3.log
[Worker1] Imported GUID: 31d0dcc6f2dd4e4408d18036a2c93862 - Path: Packages/com.unity.render-pipelines.universal/Runtime/Materials/Decal.mat - Importer: PreviewImporter -> (ImportResultId: '023c3ab5e27f345ab8e650e40adeb694') in 0.3320649 seconds
[Worker0] Imported GUID: a97c105638bdf8b4a8650670310a4cd3 - Path: Packages/com.unity.render-pipelines.universal/Runtime/Materials/Sprite-Lit-Default.mat - Importer: PreviewImporter -> (ImportResultId: '36f12c8805e28459085d973d9c2a321d') in 0.3457748 seconds
[Worker1] Imported GUID: 9dfc825aed78fcd4ba02077103263b40 - Path: Packages/com.unity.render-pipelines.universal/Runtime/Materials/Sprite-Unlit-Default.mat - Importer: PreviewImporter -> (ImportResultId: 'd7cf3b99164a5d59004f7c8211c3657d') in 0.0403021 seconds
[Worker0] Imported GUID: 15d0c3709176029428a0da2f8cecf0b5 - Path: Packages/com.unity.render-pipelines.universal/Runtime/Materials/SpriteMask-Default.mat - Importer: PreviewImporter -> (ImportResultId: '3ed5f96f9b1170dc25d5a87fd123e0cb') in 0.035813 seconds
[Worker1] Imported GUID: 31321ba15b8f8eb4c954353edc038b1d - Path: Packages/com.unity.render-pipelines.universal/Runtime/Materials/Lit.mat - Importer: PreviewImporter -> (ImportResultId: '0d17c5462a47f95fd66f0e35d42f238e') in 0.0394853 seconds
[Worker1] Imported GUID: 6a1143ee683302f4aa628c052723efc1 - Path: Packages/com.unity.render-pipelines.universal/Runtime/Materials/SimpleLit.mat - Importer: PreviewImporter -> (ImportResultId: '4903fc03b49c5f87bad370ba64d48aab') in 0.0700333 seconds
[Worker0] Imported GUID: 594ea882c5a793440b60ff72d896021e - Path: Packages/com.unity.render-pipelines.universal/Runtime/Materials/TerrainLit.mat - Importer: PreviewImporter -> (ImportResultId: '5c85f28353ce756aaeb7cac38fa18549') in 0.2095307 seconds
[Worker0] Imported GUID: 9452ae1262a74094f8a68013fbcd1834 - Path: Packages/com.unity.render-pipelines.universal/Runtime/Materials/Mesh2D-Lit-Default.mat - Importer: PreviewImporter -> (ImportResultId: '0ceed1adc48e0541c7c61b4b3e49a409') in 0.0380195 seconds
[Worker0] Imported GUID: 9875a245ac49007498213638a307faa1 - Path: Packages/com.unity.render-pipelines.universal/Runtime/Materials/SpatialMappingWireframe.mat - Importer: PreviewImporter -> (ImportResultId: 'dfc76d5fe2d6e18d05efd69f0b82e807') in 0.0424132 seconds
[Worker1] Imported GUID: 78a08787ca30045abb69f6f7dd878e09 - Path: Packages/com.unity.render-pipelines.universal/Runtime/Materials/FullscreenInvertColors.mat - Importer: PreviewImporter -> (ImportResultId: '159c02aec6c865910e1636e31a2d51fc') in 0.2157924 seconds
[Worker0] Imported GUID: b51db210fe78df745a372851b3db949e - Path: Packages/com.unity.render-pipelines.universal/Runtime/Materials/SpatialMappingOcclusion.mat - Importer: PreviewImporter -> (ImportResultId: 'a61412e22280e1cd054b938fc72ecc66') in 0.0337856 seconds
[Worker1] Imported GUID: b697f6a938056384e968ccf6527dac83 - Path: Packages/com.unity.render-pipelines.universal/Runtime/Materials/RenderAs2D-Flattening.mat - Importer: PreviewImporter -> (ImportResultId: '67cf93c935734a67f817de6322717914') in 0.0310917 seconds
[Worker1] Imported GUID: 71942363c5608a64bb62421349d39c9c - Path: Packages/com.unity.render-pipelines.universal/Runtime/Materials/Mesh2D-Unlit-Default.mat - Importer: PreviewImporter -> (ImportResultId: 'e51cf04ce6bfdb386d6c0ba1eccd2144') in 0.0321278 seconds
[Worker0] Imported GUID: e823cd5b5d27c0f4b8256e7c12ee3e6d - Path: Packages/com.unity.render-pipelines.universal/Runtime/Materials/ParticlesUnlit.mat - Importer: PreviewImporter -> (ImportResultId: '3e6b238af6d30f06180beb6a0df53d4f') in 0.2785445 seconds
Worker ready: AssetImportWorkerHW3 3
Worker ready: AssetImportWorkerHW2 2
Asset Pipeline Refresh (id=2d989cd8085c92e4da9a6432ca72ae7c): Total: 0.009 seconds - Initiated by RefreshV2(AllowForceSynchronousImport)
Starting new worker id: 4 with log in C:/Users/infon/game/Logs/AssetImportWorkerHW4.log
Starting new worker id: 5 with log in C:/Users/infon/game/Logs/AssetImportWorkerHW5.log
[Worker3] Imported GUID: 15d3c315af8faf2498573371308b9d3e - Path: Packages/com.unity.2d.animation/Editor/Assets/EditorIcons/d_Edit_Joints@4x.png - Importer: PreviewImporter -> (ImportResultId: 'bf2aa13488dd719f3705300b05f61c5d') in 0.110659 seconds
[Worker2] Imported GUID: e76bc39dceb8b72439432f8679056c92 - Path: Packages/com.unity.2d.animation/Editor/Assets/EditorIcons/d_Edit_Joints@3x.png - Importer: PreviewImporter -> (ImportResultId: '531924135b42583008d0114ae166e67b') in 0.120442 seconds
[Worker3] Imported GUID: 42f4b048501996743958df91513f824a - Path: Packages/com.unity.2d.animation/Editor/Assets/EditorIcons/Copy.png - Importer: PreviewImporter -> (ImportResultId: 'f8f35b596b342570b72e51524dc37d95') in 0.0330062 seconds
[Worker2] Imported GUID: 4f3a106299767d146975053c7be09b97 - Path: Packages/com.unity.2d.animation/Editor/Assets/EditorIcons/d_Edit_Pose@4x.png - Importer: PreviewImporter -> (ImportResultId: '3f0db3f397bc63e6657bb9e4c0100d51') in 0.0249612 seconds
[Worker2] Imported GUID: c33b82aa5373c4e1f8e2d43210c97c45 - Path: Packages/com.unity.2d.tilemap/Editor/Icons/d_EditorUI.Filter.png - Importer: PreviewImporter -> (ImportResultId: 'f85dd5577ede47b26d7b2f4b8565dbf7') in 0.0317844 seconds
[Worker3] Imported GUID: 334b0c5a2da656f4a9d2fe6b658cfd68 - Path: Packages/com.unity.2d.animation/Editor/Assets/EditorIcons/d_Edit_Pose@3x.png - Importer: PreviewImporter -> (ImportResultId: '3ef1822a29aa789e149a915a7bccc5c2') in 0.0385609 seconds
[Worker2] Imported GUID: 24a4dd7831e4a46f593e94273994b42c - Path: Packages/com.unity.2d.tilemap/Editor/Icons/d_EditorUI.Filter@2x.png - Importer: PreviewImporter -> (ImportResultId: 'cda8719a82440546e51d9270915f87e4') in 0.0373392 seconds
[Worker3] Imported GUID: 4adeaf2d2b1c7417e89f026626d8264f - Path: Packages/com.unity.2d.sprite/Editor/ObjectMenuCreation/DefaultAssets/Textures/CircleWithBorder.png - Importer: PreviewImporter -> (ImportResultId: 'd73e5125ed0fe2dd297fe357ad6a3504') in 0.0380484 seconds
[Worker2] Imported GUID: a8da56a2d332845258195016e4f58611 - Path: Packages/com.unity.2d.animation/Editor/Assets/EditorIcons/d_EditorUI.Filter.png - Importer: PreviewImporter -> (ImportResultId: '96a18be8cf55a71644ba8f4beb0e8297') in 0.0231859 seconds
[Worker3] Imported GUID: 748ae8b33df036b46a86e0387f1602cf - Path: Packages/com.unity.2d.animation/Editor/Assets/EditorIcons/character_Mode@4x.png - Importer: PreviewImporter -> (ImportResultId: 'b200e0b5520c508ccd35689df246380c') in 0.0247935 seconds
[Worker2] Imported GUID: 678095381d851334fb550c5032ba1a81 - Path: Packages/com.unity.2d.animation/Editor/Assets/EditorIcons/Selected/Copy.png - Importer: PreviewImporter -> (ImportResultId: '0da175967819853a73124f432dfb1770') in 0.0212779 seconds
[Worker3] Imported GUID: ebe73ca9363db456bacf42c025bb4847 - Path: Packages/com.unity.2d.sprite/Editor/ObjectMenuCreation/DefaultAssets/Textures/Circle.png - Importer: PreviewImporter -> (ImportResultId: 'b09838a4340ae341cfc6de9a43a4e0dd') in 0.023982 seconds
[Worker2] Imported GUID: 2e0cf451cb3d56742aad87ea75993209 - Path: Packages/com.unity.2d.animation/Editor/Assets/EditorIcons/Copy@2x.png - Importer: PreviewImporter -> (ImportResultId: '2b63b2c76a9e71af6e36d60e8dd08ef0') in 0.0218475 seconds
[Worker3] Imported GUID: 6cc5103edc9f0dd4f80e8274c73dfeac - Path: Packages/com.unity.2d.animation/Editor/Assets/EditorIcons/Selected/Copy@2x.png - Importer: PreviewImporter -> (ImportResultId: 'ebc34e44dd9167cbd6e71620216cef76') in 0.0234687 seconds
[Worker2] Imported GUID: 87aaca0a643d54397ba969dab4fc8875 - Path: Packages/com.unity.2d.sprite/Editor/ObjectMenuCreation/DefaultAssets/Textures/CircleMask.png - Importer: PreviewImporter -> (ImportResultId: 'f3326fad40fcf92a34655c60362f908c') in 0.0266706 seconds
[Worker3] Imported GUID: 5df5eccb22181f040836da1ea19743e8 - Path: Packages/com.unity.2d.animation/Editor/Assets/EditorIcons/d_Edit_Pose@2x.png - Importer: PreviewImporter -> (ImportResultId: '204b7e35715093ec153c1cc78b54db44') in 0.0219503 seconds
[Worker2] Imported GUID: 7a6cafa65c507e240b7293250b094e10 - Path: Packages/com.unity.2d.animation/Editor/Assets/EditorIcons/d_Edit_Pose.png - Importer: PreviewImporter -> (ImportResultId: 'bad286955b6dcbde27f145a17c08bfea') in 0.0242487 seconds
[Worker2] Imported GUID: dcea51d6065d64246aeec467afeff684 - Path: Packages/com.unity.2d.animation/Editor/Assets/EditorIcons/Selected/character_Mode@3x.png - Importer: PreviewImporter -> (ImportResultId: '60fe5ea462054c32f3254995e3b5b271') in 0.0212719 seconds
[Worker3] Imported GUID: 0ccc508108fa6ed4fa11b4a467d7f609 - Path: Packages/com.unity.2d.animation/Editor/Assets/EditorIcons/Selected/character_Mode@4x.png - Importer: PreviewImporter -> (ImportResultId: 'f5965b9e0c826070b8acdcf29e6cc7f9') in 0.02098 seconds
[Worker2] Imported GUID: 5d52b20f865aff242bfcb08c3b6f61a5 - Path: Packages/com.unity.2d.animation/Editor/Assets/EditorIcons/Selected/character_Mode@2x.png - Importer: PreviewImporter -> (ImportResultId: '217c822a378ba91b49b23f26104c13ce') in 0.0212545 seconds
[Worker3] Imported GUID: 17fa84703485d314b8d6b5216987d4b1 - Path: Packages/com.unity.2d.animation/Editor/Assets/EditorIcons/character_Mode@3x.png - Importer: PreviewImporter -> (ImportResultId: 'fcfe5713f7f764fdf50e8dcbcbbc1e6b') in 0.0226055 seconds
[Worker2] Imported GUID: e60718119cec31e4190849292fcde068 - Path: Packages/com.unity.2d.animation/Editor/Assets/EditorIcons/Selected/character_Mode.png - Importer: PreviewImporter -> (ImportResultId: 'c950d7b795bd74d24529384a0cea997f') in 0.0202765 seconds
[Worker3] Imported GUID: 25096ce515c063c48a2bd6b108c95912 - Path: Packages/com.unity.2d.animation/Editor/Assets/EditorIcons/character_Mode@2x.png - Importer: PreviewImporter -> (ImportResultId: '8abf0861680496a71f75441ff68577ea') in 0.0229064 seconds
[Worker3] Imported GUID: d4d64a6cd9624c34a815dd79fb2a20a4 - Path: Packages/com.unity.2d.animation/Editor/Assets/EditorIcons/character_Mode.png - Importer: PreviewImporter -> (ImportResultId: '9c9ae7ee4b4c560b31aca92a7c8d1cc9') in 0.024646 seconds
[Worker2] Imported GUID: 34587324d412940a79d530020c957dc0 - Path: Packages/com.unity.2d.sprite/Editor/ObjectMenuCreation/DefaultAssets/Textures/CapsuleWithBorder.png - Importer: PreviewImporter -> (ImportResultId: '9b43989ffddcf7ab447a6d4be6ac7164') in 0.0252571 seconds
Worker ready: AssetImportWorkerHW5 5
Worker ready: AssetImportWorkerHW4 4
[Worker2] Imported GUID: bd3cb4af8406d4436a2ae8c2aafe1f8d - Path: Packages/com.unity.2d.sprite/Editor/ObjectMenuCreation/DefaultAssets/Textures/Capsule.png - Importer: PreviewImporter -> (ImportResultId: 'eb84e8244353e1308410e311761c2752') in 0.0228423 seconds
[Worker2] Imported GUID: 956deaef7c041ed4abe7a5a3690c28bc - Path: Packages/com.unity.collab-proxy/Editor/Assets/Images/buttonhome@2x.png - Importer: PreviewImporter -> (ImportResultId: '1e33d2f565db8db96e9251f641c92d94') in 0.0212255 seconds
[Worker3] Imported GUID: ee8ce5cd9c0883f4182b5cfd43cfd7fe - Path: Packages/com.unity.collab-proxy/Editor/Assets/Images/buttonssosigninunity@2x.png - Importer: PreviewImporter -> (ImportResultId: '814c54b4323c24190c90181e9ae4e861') in 0.0241568 seconds
[Worker2] Imported GUID: daf2ab606d4db0d4f9ecf4c02137d2a8 - Path: Packages/com.unity.2d.animation/Editor/Assets/EditorIcons/Selected/Bone_Influence@4x.png - Importer: PreviewImporter -> (ImportResultId: '7cbbf697198d135ed0c84a2d61409049') in 0.0209528 seconds
[Worker3] Imported GUID: dda6504e0e7d670488e2fee625f7da02 - Path: Packages/com.unity.collab-proxy/Editor/Assets/Images/buttonhome.png - Importer: PreviewImporter -> (ImportResultId: 'a3ab97152203be022c4949ea82bea227') in 0.0214214 seconds
[Worker3] Imported GUID: c7aa62ae78ffca0498c89e5f45f94c0e - Path: Packages/com.unity.2d.animation/Editor/Assets/EditorIcons/Bone_Influence@4x.png - Importer: PreviewImporter -> (ImportResultId: 'd962f5f1e326d0ef951637372b2f29d7') in 0.02169 seconds
[Worker2] Imported GUID: 68e5a78013e33f247822a837e55b0ab4 - Path: Packages/com.unity.2d.animation/Editor/Assets/EditorIcons/Selected/Bone_Influence@3x.png - Importer: PreviewImporter -> (ImportResultId: '2a429990fda75ef4560be6438a8cf9c4') in 0.0242248 seconds
[Worker3] Imported GUID: cee9dbe90b270c944ae1dabf41c93b10 - Path: Packages/com.unity.2d.animation/Editor/Assets/EditorIcons/Bone_Influence@3x.png - Importer: PreviewImporter -> (ImportResultId: '0d71c8e66dfa5482a09fe4ef98933916') in 0.0229204 seconds
[Worker2] Imported GUID: 0779ad3feec52124e97114bcbb12ef13 - Path: Packages/com.unity.2d.animation/Editor/Assets/EditorIcons/Selected/Bone_Influence@2x.png - Importer: PreviewImporter -> (ImportResultId: '158da5ae52456ba01c387328af61bf12') in 0.0234264 seconds
[Worker2] Imported GUID: e92fc44f12c21dd44a49e390f39f7ffd - Path: Packages/com.unity.2d.animation/Editor/Assets/EditorIcons/Bone_Influence.png - Importer: PreviewImporter -> (ImportResultId: '0462cc6e635b7b22dea17f6faa46eb0b') in 0.0206592 seconds
[Worker3] Imported GUID: 7395bf0bc3cc40e4ab2dda5ec6832261 - Path: Packages/com.unity.2d.animation/Editor/Assets/EditorIcons/Bone_Influence@2x.png - Importer: PreviewImporter -> (ImportResultId: '38e0c49068d62940ec33303b6a34ed75') in 0.0236464 seconds
[Worker2] Imported GUID: ff00345da0563d641903c5bd5bb748a4 - Path: Packages/com.unity.2d.animation/Editor/Assets/EditorIcons/Selected/Bone_Influence.png - Importer: PreviewImporter -> (ImportResultId: '5613f2616edaf8e8a504b6a3ae63415e') in 0.0250729 seconds
[Worker3] Imported GUID: 9125c204f566db048a92ebcb64d9d14a - Path: Packages/com.unity.2d.animation/Editor/Assets/EditorIcons/Bone@4x.png - Importer: PreviewImporter -> (ImportResultId: '07edb4ebde7448ad9c4debf415a383d3') in 0.0219713 seconds
[Worker2] Imported GUID: d6a44ab95b0def041a7929981a2c23a1 - Path: Packages/com.unity.2d.animation/Editor/Assets/EditorIcons/Bone@2x.png - Importer: PreviewImporter -> (ImportResultId: 'e5c925e2540e19a51153c7d50fe0ff5b') in 0.0197405 seconds
[Worker3] Imported GUID: 76beef9fdae7b48468ddf07d0400a374 - Path: Packages/com.unity.2d.animation/Editor/Assets/EditorIcons/Bone@3x.png - Importer: PreviewImporter -> (ImportResultId: '8231fd9a75ff29de1024d0c8e78109f7') in 0.0236777 seconds
[Worker2] Imported GUID: be2e0deab40f1478a99038fcbc19219d - Path: Packages/com.unity.collab-proxy/Editor/Assets/Images/ArrowCaretRight@2x.png - Importer: PreviewImporter -> (ImportResultId: 'a0de5dd6ff2173f13038400628084b5d') in 0.0224276 seconds
[Worker3] Imported GUID: 62ce01ddca719d34ea9648c586a7cc94 - Path: Packages/com.unity.2d.animation/Editor/Assets/EditorIcons/Bone.png - Importer: PreviewImporter -> (ImportResultId: '793b8695ac6a5dd79aae48734b25c770') in 0.0228158 seconds
[Worker2] Imported GUID: 9e60047ccc6b8422193b170d51796ed2 - Path: Packages/com.unity.collab-proxy/Editor/Assets/Images/ArrowCaretLeft@2x.png - Importer: PreviewImporter -> (ImportResultId: '27107202b2e073f68e5af3f874b4dffb') in 0.024459 seconds
[Worker3] Imported GUID: af5dbec545ddf41e7b15fef8a3cfb75b - Path: Packages/com.unity.collab-proxy/Editor/Assets/Images/ArrowCaretRight.png - Importer: PreviewImporter -> (ImportResultId: 'f515d39c372a69764a23c4d38ada6d1b') in 0.0247873 seconds
[Worker3] Imported GUID: 1c16a099b53fd4712b2d4cdb8fecd9f8 - Path: Packages/com.unity.collab-proxy/Editor/Assets/Images/ArrowCaretLeft.png - Importer: PreviewImporter -> (ImportResultId: '758ea945ce9cc552ff1488bb059f0d69') in 0.0223485 seconds
[Worker2] Imported GUID: 7a1e809ce41f84f10bfe590179cd59b5 - Path: Packages/com.unity.2d.animation/Editor/Assets/ComponentIcons/Animation.SpriteSkin@256.png - Importer: PreviewImporter -> (ImportResultId: '421c10db79c619466132bd2d34f2fe29') in 0.0275186 seconds
[Worker3] Imported GUID: 5caee0ba7342b4b2cacdbe0e6030c7b0 - Path: Packages/com.unity.2d.animation/Editor/Assets/ComponentIcons/Animation.SpriteSkin@128.png - Importer: PreviewImporter -> (ImportResultId: 'f489d1afe1c69ce4c6f12013044b4d7f') in 0.0246634 seconds
[Worker2] Imported GUID: dd3db1e5b4263437aa298781bd55d726 - Path: Packages/com.unity.2d.animation/Editor/Assets/ComponentIcons/Animation.SpriteSkin@64.png - Importer: PreviewImporter -> (ImportResultId: '0ea16c51e9d86cf0f42cd2d23c79c807') in 0.0261332 seconds
[Worker2] Imported GUID: 678e07380549544ef9884c1817c65ae8 - Path: Packages/com.unity.2d.animation/Editor/Assets/ComponentIcons/Animation.SpriteSkin On@256.png - Importer: PreviewImporter -> (ImportResultId: '4442d76a44c235f7a9c8f2ab2e875494') in 0.0235281 seconds
[Worker3] Imported GUID: 35f90efdb1e6d4fb29c4108de82bf1b2 - Path: Packages/com.unity.2d.animation/Editor/Assets/ComponentIcons/Animation.SpriteSkin@32.png - Importer: PreviewImporter -> (ImportResultId: '06ac47883e70c3a864b41c657b8f76c5') in 0.0237662 seconds
[Worker3] Imported GUID: d2ddd27a2c7de4ad99b3d8c9d00e4265 - Path: Packages/com.unity.2d.animation/Editor/Assets/ComponentIcons/Animation.SpriteSkin On@128.png - Importer: PreviewImporter -> (ImportResultId: '40f9391c9ac8c873fb4118eaec80f007') in 0.0248523 seconds
[Worker2] Imported GUID: af48269279273434687aeac541f87ca8 - Path: Packages/com.unity.2d.animation/Editor/Assets/ComponentIcons/Animation.SpriteSkin On@64.png - Importer: PreviewImporter -> (ImportResultId: '9fe8e03652d6dcf2932836c30721e8e6') in 0.0277576 seconds
[Worker2] Imported GUID: 4243996d9393248859e73ff6df05d8b3 - Path: Packages/com.unity.2d.animation/Editor/Assets/ComponentIcons/Animation.SpriteSkin On.png - Importer: PreviewImporter -> (ImportResultId: '317859566bd183491219f8489fdd1ab6') in 0.021527 seconds
[Worker3] Imported GUID: c48d0173f2d2c40679bc236de8551a69 - Path: Packages/com.unity.2d.animation/Editor/Assets/ComponentIcons/Animation.SpriteSkin On@32.png - Importer: PreviewImporter -> (ImportResultId: '0d3ecbd9f592ed0d100c7d953898e4d6') in 0.022068 seconds
[Worker3] Imported GUID: 5624c7cbaca684b9faada94188a2e7a1 - Path: Packages/com.unity.2d.animation/Editor/Assets/ComponentIcons/Animation.SpriteSkin.png - Importer: PreviewImporter -> (ImportResultId: '285de698420134ca53cb896d616f0ca2') in 0.0206447 seconds
[Worker2] Imported GUID: 8f526fff3bebe4808b05f8ae127482f0 - Path: Packages/com.unity.2d.animation/Editor/Assets/ComponentIcons/Animation.SpriteResolver@256.png - Importer: PreviewImporter -> (ImportResultId: '64a0c19f96935a6f8389272e85718393') in 0.0242242 seconds
[Worker3] Imported GUID: ce009ee7a4fb24c1da2f07064894e6c4 - Path: Packages/com.unity.2d.animation/Editor/Assets/ComponentIcons/Animation.SpriteResolver@128.png - Importer: PreviewImporter -> (ImportResultId: 'e7f2387642fa998dc99e7bc6cb8abac8') in 0.022886 seconds
[Worker2] Imported GUID: b1640c283050b4d23a677c6a445f058c - Path: Packages/com.unity.2d.animation/Editor/Assets/ComponentIcons/Animation.SpriteResolver@64.png - Importer: PreviewImporter -> (ImportResultId: '093a067dd179dc65a894e21b20a32f2c') in 0.0266854 seconds
[Worker3] Imported GUID: fa557b89ecf3d44f2b6cae783ce09806 - Path: Packages/com.unity.2d.animation/Editor/Assets/ComponentIcons/Animation.SpriteResolver On@256.png - Importer: PreviewImporter -> (ImportResultId: '085a9b91cf527bbcb5583643922ee3b4') in 0.0266862 seconds
[Worker2] Imported GUID: f6dd722ee2cfe46a6bddf89ead1edade - Path: Packages/com.unity.2d.animation/Editor/Assets/ComponentIcons/Animation.SpriteResolver@32.png - Importer: PreviewImporter -> (ImportResultId: '4b7157236c0f395b2c54dc02229ffdec') in 0.0262824 seconds
[Worker3] Imported GUID: 5c838469e8ab742f081032f02a904a31 - Path: Packages/com.unity.2d.animation/Editor/Assets/ComponentIcons/Animation.SpriteResolver On@128.png - Importer: PreviewImporter -> (ImportResultId: 'e4235c599c62bdb0a38785f4cab124a2') in 0.0276591 seconds
[Worker2] Imported GUID: 1223ca7d04e5a4ad08a8d648c4e2a09e - Path: Packages/com.unity.2d.animation/Editor/Assets/ComponentIcons/Animation.SpriteResolver On@64.png - Importer: PreviewImporter -> (ImportResultId: 'a3dc2ad60e6acd3a48f1cf9530499a0b') in 0.0285949 seconds
[Worker3] Imported GUID: db2b3974aac164565bda03b3e0d93046 - Path: Packages/com.unity.2d.animation/Editor/Assets/ComponentIcons/Animation.SpriteResolver On.png - Importer: PreviewImporter -> (ImportResultId: '101faba6d20a87060e0e07dc568415b8') in 0.0236795 seconds
[Worker2] Imported GUID: 6e2a81314a40c43849866fb7490cb521 - Path: Packages/com.unity.2d.animation/Editor/Assets/ComponentIcons/Animation.SpriteResolver On@32.png - Importer: PreviewImporter -> (ImportResultId: '3c07dae92444d684773203093cfed776') in 0.0248519 seconds
[Worker2] Imported GUID: af04f3196abef440b94c03fbe3dab00f - Path: Packages/com.unity.2d.animation/Editor/Assets/ComponentIcons/Animation.SpriteLibraryVar@256.png - Importer: PreviewImporter -> (ImportResultId: '5fe40357a4313a4e7ff07d3cec23ef12') in 0.0253804 seconds
[Worker3] Imported GUID: 31d22d44ff25f4a5c95ac4842b5fb74f - Path: Packages/com.unity.2d.animation/Editor/Assets/ComponentIcons/Animation.SpriteResolver.png - Importer: PreviewImporter -> (ImportResultId: '784353cbdc1436fe7e07efc23a6456b9') in 0.025347 seconds
[Worker2] Imported GUID: 5c718c499137a4dc48bbf03037c806f6 - Path: Packages/com.unity.2d.animation/Editor/Assets/ComponentIcons/Animation.SpriteLibraryVar@128.png - Importer: PreviewImporter -> (ImportResultId: 'c6fd8d5450c7b17e324278754f3d9dbc') in 0.0211142 seconds
[Worker3] Imported GUID: 3e3d41c162ad74767b66168d4d94b99c - Path: Packages/com.unity.2d.animation/Editor/Assets/ComponentIcons/Animation.SpriteLibraryVar@32.png - Importer: PreviewImporter -> (ImportResultId: '4d346794a27e75206f5b26e882426658') in 0.019922 seconds
[Worker2] Imported GUID: 2af1a7323d104499d992be9a2d8dc933 - Path: Packages/com.unity.2d.animation/Editor/Assets/ComponentIcons/Animation.SpriteLibraryVar On@256.png - Importer: PreviewImporter -> (ImportResultId: '40fef882147fc8e0462d897c55d1429f') in 0.0241052 seconds
[Worker4] Imported GUID: 33cf904ffefc842ddb5ccf1565cd94b3 - Path: Packages/com.unity.2d.animation/Editor/Assets/ComponentIcons/Animation.SpriteLibraryVar@64.png - Importer: PreviewImporter -> (ImportResultId: '155ee1d8155fe896357c1ba24eb5b689') in 0.1010873 seconds
[Worker2] Imported GUID: 713f288c6a6fc4514a9403f26e82dc91 - Path: Packages/com.unity.2d.animation/Editor/Assets/ComponentIcons/Animation.SpriteLibraryVar On@64.png - Importer: PreviewImporter -> (ImportResultId: '5c3f0dab8d3f6c3d7315d0dc975248a3') in 0.0240757 seconds
[Worker3] Imported GUID: e2c573f07f6d7471d9cad8cb2a5fece0 - Path: Packages/com.unity.2d.animation/Editor/Assets/ComponentIcons/Animation.SpriteLibraryVar On@128.png - Importer: PreviewImporter -> (ImportResultId: '77f823f581acfea9739360f4fc84b1d6') in 0.0248291 seconds
[Worker4] Imported GUID: 18115dbbb843441ac95e0b3a372d9807 - Path: Packages/com.unity.2d.animation/Editor/Assets/ComponentIcons/Animation.SpriteLibraryVar On.png - Importer: PreviewImporter -> (ImportResultId: '175ee64eea52c801f234cd7ac969d31e') in 0.0224306 seconds
[Worker5] Imported GUID: 2a8bf227319d4421f91d9375e3ae59bf - Path: Packages/com.unity.2d.animation/Editor/Assets/ComponentIcons/Animation.SpriteLibraryVar On@32.png - Importer: PreviewImporter -> (ImportResultId: 'f962a539251f7a22cac911fdd471e39a') in 0.0979515 seconds
[Worker2] Imported GUID: 0490d28a1206e4c4cb4954be7b678980 - Path: Packages/com.unity.2d.animation/Editor/Assets/ComponentIcons/Animation.SpriteLibraryVar.png - Importer: PreviewImporter -> (ImportResultId: '59442a2083c176d2e071140ea12a85eb') in 0.0206887 seconds
[Worker4] Imported GUID: 3d9fb59c1fa00406ab971588842aa368 - Path: Packages/com.unity.2d.animation/Editor/Assets/ComponentIcons/Animation.SpriteLibraryManager@256.png - Importer: PreviewImporter -> (ImportResultId: '137bcde4f54aa5277c2308cccc244392') in 0.0283184 seconds
[Worker2] Imported GUID: 8018f7f22eae14c4b8c25d466fa0d8e8 - Path: Packages/com.unity.2d.animation/Editor/Assets/ComponentIcons/Animation.SpriteLibraryManager@64.png - Importer: PreviewImporter -> (ImportResultId: '6cd986bfec64819fafaf3da84db51c68') in 0.0243871 seconds
[Worker3] Imported GUID: d1c6278de296d42b6a5c6330b16ab729 - Path: Packages/com.unity.2d.animation/Editor/Assets/ComponentIcons/Animation.SpriteLibraryManager@128.png - Importer: PreviewImporter -> (ImportResultId: '58faffa9a184aa019723c08afa02c589') in 0.0297961 seconds
[Worker2] Imported GUID: 3b9a6aa9cd66c475ea8cba88e186779f - Path: Packages/com.unity.2d.animation/Editor/Assets/ComponentIcons/Animation.SpriteLibraryManager@32.png - Importer: PreviewImporter -> (ImportResultId: '01bb8548d4706b92b0c5d46ce9347866') in 0.0208843 seconds
[Worker4] Imported GUID: 46c6bae783f6540308d09b07db693d54 - Path: Packages/com.unity.2d.animation/Editor/Assets/ComponentIcons/Animation.SpriteLibraryManager@2x.png - Importer: PreviewImporter -> (ImportResultId: 'ba2ea9a976d5550051458990d0129025') in 0.0234283 seconds
[Worker3] Imported GUID: 57f8befb92b364ca1bcae0f34c27e2d3 - Path: Packages/com.unity.2d.animation/Editor/Assets/ComponentIcons/Animation.SpriteLibraryManager On@128.png - Importer: PreviewImporter -> (ImportResultId: 'dfbb1027c55ccda9b15f77e08d61f7c1') in 0.0308485 seconds
[Worker5] Imported GUID: 093d252d1d41041c8b4df35c330dcc59 - Path: Packages/com.unity.2d.animation/Editor/Assets/ComponentIcons/Animation.SpriteLibraryManager On@256.png - Importer: PreviewImporter -> (ImportResultId: 'a6d327ff1b7477cd0cdd9c4880d59b3e') in 0.0318263 seconds
[Worker4] Imported GUID: 4a3c64ec8ad964011aa28fb633e9b153 - Path: Packages/com.unity.2d.animation/Editor/Assets/ComponentIcons/Animation.SpriteLibraryManager On@32.png - Importer: PreviewImporter -> (ImportResultId: 'd599719237e770a8d270a54a0bf8de41') in 0.0211929 seconds
[Worker2] Imported GUID: ac5de94053f294b929e8105eced63bbe - Path: Packages/com.unity.2d.animation/Editor/Assets/ComponentIcons/Animation.SpriteLibraryManager On@64.png - Importer: PreviewImporter -> (ImportResultId: '2ddbccc07d53820f698b7425d7f81f21') in 0.0217765 seconds
[Worker4] Imported GUID: 99a16529bede740b6816c895741a9fb7 - Path: Packages/com.unity.2d.animation/Editor/Assets/ComponentIcons/Animation.SpriteLibraryManager.png - Importer: PreviewImporter -> (ImportResultId: '1a440e23742785dce0c0f3110c5b2e81') in 0.020295 seconds
[Worker2] Imported GUID: aea51f1a175ef466e95835d2787d061f - Path: Packages/com.unity.2d.animation/Editor/Assets/ComponentIcons/Animation.SpriteLibraryManager On.png - Importer: PreviewImporter -> (ImportResultId: 'ed6c9c76b0598f6b51aa76cc63985b3e') in 0.0208153 seconds
[Worker4] Imported GUID: efb08993e46994800a736d1f88e89019 - Path: Packages/com.unity.2d.animation/Editor/Assets/ComponentIcons/Animation.SpriteLibrary@128.png - Importer: PreviewImporter -> (ImportResultId: '34d7fec69e083826c4392dae28c1ed02') in 0.0228992 seconds
[Worker2] Imported GUID: b6c49e41a57e648e9a16f44ce4b8d9b9 - Path: Packages/com.unity.2d.animation/Editor/Assets/ComponentIcons/Animation.SpriteLibrary@256.png - Importer: PreviewImporter -> (ImportResultId: '55b3fd8365b26a77cb15acc76346b42b') in 0.0233875 seconds
[Worker3] Imported GUID: 5c6d7a5595d5b4713980d6a92eb6fced - Path: Packages/com.unity.2d.animation/Editor/Assets/ComponentIcons/Animation.SpriteLibrary@32.png - Importer: PreviewImporter -> (ImportResultId: 'a1c19303e52b77468f5050d7c26ada1a') in 0.0222191 seconds
[Worker5] Imported GUID: 9c7af1d0200fc4bbc8276e459fa2d906 - Path: Packages/com.unity.2d.animation/Editor/Assets/ComponentIcons/Animation.SpriteLibrary@64.png - Importer: PreviewImporter -> (ImportResultId: 'd0c3ab63d24d5fc3fb3e6174de88b863') in 0.0252586 seconds
[Worker4] Imported GUID: 4c962e26d197d4a78af313c9eba7f136 - Path: Packages/com.unity.2d.animation/Editor/Assets/ComponentIcons/Animation.SpriteLibrary@2x.png - Importer: PreviewImporter -> (ImportResultId: '2d1f607d3899826bc9b08d7c34214850') in 0.0277177 seconds
[Worker2] Imported GUID: b2d98f54996544507ade581c727c1c51 - Path: Packages/com.unity.2d.animation/Editor/Assets/ComponentIcons/Animation.SpriteLibrary On@256.png - Importer: PreviewImporter -> (ImportResultId: '03921bf14732ff39f23f3f6d4517f7d5') in 0.0213081 seconds
[Worker4] Imported GUID: 46e8f61d13f8b49c7b2ac6beb5788f2c - Path: Packages/com.unity.2d.animation/Editor/Assets/ComponentIcons/Animation.SpriteLibrary On@128.png - Importer: PreviewImporter -> (ImportResultId: '800ec7a7a3a0e40f2f5441e5c42a24a2') in 0.0233058 seconds
[Worker3] Imported GUID: fad537f7b1df74e869915bbab4356a0f - Path: Packages/com.unity.2d.animation/Editor/Assets/ComponentIcons/Animation.SpriteLibrary On@32.png - Importer: PreviewImporter -> (ImportResultId: '122892ae9b4b813249705f12402e0a60') in 0.0238008 seconds
[Worker5] Imported GUID: 19370790a791d4fc99ee3830251366f8 - Path: Packages/com.unity.2d.animation/Editor/Assets/ComponentIcons/Animation.SpriteLibrary On@64.png - Importer: PreviewImporter -> (ImportResultId: 'ecc618e68cb6cf61fadd5f47b3ded051') in 0.0245568 seconds
[Worker4] Imported GUID: 3024cb66f112f47f599953fe508d632f - Path: Packages/com.unity.2d.animation/Editor/Assets/ComponentIcons/Animation.SpriteLibrary.png - Importer: PreviewImporter -> (ImportResultId: '6e946c8b5725697376bfdb20474be15d') in 0.0207614 seconds
[Worker2] Imported GUID: a86c61e5bed184ddc884003f0c947bb4 - Path: Packages/com.unity.2d.animation/Editor/Assets/ComponentIcons/Animation.SpriteLibrary On.png - Importer: PreviewImporter -> (ImportResultId: '1515141facb204de0b41a15e7ae7463d') in 0.0210113 seconds
[Worker3] Imported GUID: 6dfa8a4e449dd46479d1788637b70811 - Path: Packages/com.unity.2d.animation/Editor/Assets/ComponentIcons/Animation.IKManager@128.png - Importer: PreviewImporter -> (ImportResultId: '1ccb0c9a49e8aa6ebf610c958a1690d5') in 0.0220611 seconds
[Worker5] Imported GUID: 63a9bd0d002bb4d598c276d9f5aabc30 - Path: Packages/com.unity.2d.animation/Editor/Assets/ComponentIcons/Animation.IKManager@256.png - Importer: PreviewImporter -> (ImportResultId: '5008d6d38297c50bf720a76419a28d7c') in 0.022279 seconds
[Worker2] Imported GUID: 0502e3e0c944a4f71948552166af7b48 - Path: Packages/com.unity.2d.animation/Editor/Assets/ComponentIcons/Animation.IKManager@64.png - Importer: PreviewImporter -> (ImportResultId: '1db916f631968901ff9fbbcfc1df0766') in 0.0224031 seconds
[Worker4] Imported GUID: a2d8694b191104c8cb1b7e715b3a5e47 - Path: Packages/com.unity.2d.animation/Editor/Assets/ComponentIcons/Animation.IKManager@32.png - Importer: PreviewImporter -> (ImportResultId: '7eb934a6d79a819298c739f2daec1d10') in 0.0233246 seconds
[Worker4] Imported GUID: 5c81e841f99f744f997dfa12ce9c2a82 - Path: Packages/com.unity.2d.animation/Editor/Assets/ComponentIcons/Animation.IKManager On@128.png - Importer: PreviewImporter -> (ImportResultId: 'cf8907b47a0c79410d2ceff7ceaa1aeb') in 0.0236984 seconds
[Worker2] Imported GUID: a4bde53ec7c104f868be7329e31dd480 - Path: Packages/com.unity.2d.animation/Editor/Assets/ComponentIcons/Animation.IKManager On@256.png - Importer: PreviewImporter -> (ImportResultId: 'b7ab63e8bab628808b94271ded5b17bd') in 0.0236209 seconds
Request Asset Garbage Collect because used heap size increased from 0.65 GB to 0.90 GB, exceeding the threshold of 256.0 MB.
Unloading 136 Unused Serialized files (Serialized files now loaded: 0)
Unloading 85 unused Assets / (439.7 KB). Loaded Objects now: 10366.
Memory consumption went from 0.88 GB to 0.88 GB.
Total: 27.727000 ms (FindLiveObjects: 1.636700 ms CreateObjectMapping: 0.180700 ms MarkObjects: 25.011900 ms  DeleteObjects: 0.641800 ms)

[Worker3] Imported GUID: 27fcf2ee0895b467f980e5c3c57b655c - Path: Packages/com.unity.2d.tilemap.extras/Editor/Brushes/GameObjectBrush/GameObjectBrush@4x.png - Importer: PreviewImporter -> (ImportResultId: '532f828251cdf8a412a1422154802b07') in 0.0437489 seconds
[Worker2] Imported GUID: 3b1f1c1705419448398bbfafa99724cc - Path: Packages/com.unity.2d.tilemap.extras/Editor/Brushes/GameObjectBrush/GameObjectBrush@2x.png - Importer: PreviewImporter -> (ImportResultId: 'aa2ee0acc27a2fa2f805ec6e0c6ca4fc') in 0.0450559 seconds
[Worker4] Imported GUID: 81b9fd0d26ce94e99b7657816abb5859 - Path: Packages/com.unity.2d.tilemap.extras/Editor/Brushes/GameObjectBrush/GameObjectBrush.png - Importer: PreviewImporter -> (ImportResultId: 'e49c8ce9cf80bf4f51ab5f05098ed3a9') in 0.0472316 seconds
[Worker2] Imported GUID: 8a585d635efb349edbcfc142059feb21 - Path: Packages/com.unity.2d.tilemap.extras/Editor/Brushes/GameObjectBrush/d_GameObjectBrush@4x.png - Importer: PreviewImporter -> (ImportResultId: '94805e6c7a1ad3e780fa827dd37c6f48') in 0.0428061 seconds
[Worker4] Imported GUID: 682d09f2707a84283a24884f2ec0e963 - Path: Packages/com.unity.2d.tilemap.extras/Editor/Brushes/GameObjectBrush/d_GameObjectBrush@2x.png - Importer: PreviewImporter -> (ImportResultId: '2d15ad39a6515147b001fcd6a33791b7') in 0.0542897 seconds
[Worker4] Imported GUID: 714529104297846e7bb63724eabddbdf - Path: Packages/com.unity.2d.tilemap.extras/Editor/Brushes/GameObjectBrush/d_GameObjectBrush.png - Importer: PreviewImporter -> (ImportResultId: '4ae3bb44f810fa632e9e9b9010906a0e') in 0.0355383 seconds
SpriteAtlasPacking completed in 0.007053 sec
Entering Playmode with Reload Domain disabled.
If you experience any issues, please disable "Enter Play Mode Options" in Editor Settings
Loaded scene 'Temp/__Backupscenes/0.backup'
	Deserialize:            1.988 ms
	Integration:            454.754 ms
	Integration of assets:  0.003 ms
	Thread Wait Time:       0.016 ms
	Total Operation Time:   456.761 ms
Unloading 27 Unused Serialized files (Serialized files now loaded: 0)
Loaded scene 'Temp/__Backupscenes/0.backup'
	Deserialize:            0.872 ms
	Integration:            34.388 ms
	Integration of assets:  0.001 ms
	Thread Wait Time:       0.015 ms
	Total Operation Time:   35.276 ms
Unloading 4 unused Assets / (0.6 MB). Loaded Objects now: 10171.
Memory consumption went from 0.88 GB to 0.88 GB.
Total: 40.116000 ms (FindLiveObjects: 1.557300 ms CreateObjectMapping: 0.166700 ms MarkObjects: 38.038600 ms  DeleteObjects: 0.095100 ms)

[Licensing::Client] Successfully resolved entitlement details
SpriteAtlasPacking completed in 0.005969 sec
Entering Playmode with Reload Domain disabled.
If you experience any issues, please disable "Enter Play Mode Options" in Editor Settings
Loaded scene 'Temp/__Backupscenes/0.backup'
	Deserialize:            0.487 ms
	Integration:            39.373 ms
	Integration of assets:  0.001 ms
	Thread Wait Time:       0.011 ms
	Total Operation Time:   39.873 ms
Unloading 12 Unused Serialized files (Serialized files now loaded: 0)
Loaded scene 'Temp/__Backupscenes/0.backup'
	Deserialize:            0.461 ms
	Integration:            33.815 ms
	Integration of assets:  0.001 ms
	Thread Wait Time:       0.010 ms
	Total Operation Time:   34.286 ms
Unloading 1 unused Assets / (498.0 KB). Loaded Objects now: 10179.
Memory consumption went from 0.88 GB to 0.88 GB.
Total: 41.088500 ms (FindLiveObjects: 1.549000 ms CreateObjectMapping: 0.759600 ms MarkObjects: 38.441900 ms  DeleteObjects: 0.076300 ms)

[Licensing::Client] Successfully resolved entitlement details
SpriteAtlasPacking completed in 0.006401 sec
Entering Playmode with Reload Domain disabled.
If you experience any issues, please disable "Enter Play Mode Options" in Editor Settings
Loaded scene 'Temp/__Backupscenes/0.backup'
	Deserialize:            0.506 ms
	Integration:            36.027 ms
	Integration of assets:  0.002 ms
	Thread Wait Time:       0.016 ms
	Total Operation Time:   36.550 ms
Unloading 13 Unused Serialized files (Serialized files now loaded: 0)
Loaded scene 'Temp/__Backupscenes/0.backup'
	Deserialize:            0.468 ms
	Integration:            34.631 ms
	Integration of assets:  0.001 ms
	Thread Wait Time:       0.010 ms
	Total Operation Time:   35.109 ms
Unloading 1 unused Assets / (413.5 KB). Loaded Objects now: 10212.
Memory consumption went from 0.89 GB to 0.89 GB.
Total: 41.318300 ms (FindLiveObjects: 1.570900 ms CreateObjectMapping: 0.182200 ms MarkObjects: 39.240900 ms  DeleteObjects: 0.073400 ms)

SpriteAtlasPacking completed in 0.005640 sec
Entering Playmode with Reload Domain disabled.
If you experience any issues, please disable "Enter Play Mode Options" in Editor Settings
Loaded scene 'Temp/__Backupscenes/0.backup'
	Deserialize:            0.490 ms
	Integration:            36.584 ms
	Integration of assets:  0.001 ms
	Thread Wait Time:       0.007 ms
	Total Operation Time:   37.083 ms
Unloading 11 Unused Serialized files (Serialized files now loaded: 0)
Loaded scene 'Temp/__Backupscenes/0.backup'
	Deserialize:            0.459 ms
	Integration:            37.211 ms
	Integration of assets:  0.001 ms
	Thread Wait Time:       0.012 ms
	Total Operation Time:   37.684 ms
Unloading 1 unused Assets / (1.1 MB). Loaded Objects now: 10227.
Memory consumption went from 0.89 GB to 0.89 GB.
Total: 40.484100 ms (FindLiveObjects: 1.592200 ms CreateObjectMapping: 0.169500 ms MarkObjects: 38.385000 ms  DeleteObjects: 0.084800 ms)

[Licensing::Client] Successfully resolved entitlement details
Asset Pipeline Refresh (id=5cd831d599db9f64ea82f29c6b1f4675): Total: 0.011 seconds - Initiated by RefreshV2(AllowForceSynchronousImport)
Asset Pipeline Refresh (id=47fc8034e8cd5474bb6446f0e9ae33dd): Total: 0.006 seconds - Initiated by RefreshV2(AllowForceSynchronousImport)
[Worker4] Imported GUID: 172f9a5627fbd495e9b469d54bed367a - Path: Packages/com.unity.2d.sprite/Editor/ObjectMenuCreation/DefaultAssets/Textures/v2 - Importer: PreviewImporter -> (ImportResultId: '906b7fce6c7e20817027361a662e1192') in 0.0153891 seconds
Asset Pipeline Refresh (id=fdf41bdfa2957094f9972e3596d454ce): Total: 0.006 seconds - Initiated by RefreshV2(AllowForceSynchronousImport)
Importing 'GUID: 69b971e8b34ef5c4c9712a5ee749f926 - Path: Assets/game character sidways.jpg' with importer (TextureImporter)
Imported 'GUID: 69b971e8b34ef5c4c9712a5ee749f926' -> (Import Result ID: '387ce6409e8c6f89efa54e8165c75461') in 0.006 seconds [static and dynamic dependencies]. Details - ImportResultOutputID=34de2a233ac2b52dca2c0f9a9b82f252 DependenciesID=74d137603c663e2004a2bca4afd1ed59 StaticDependenciesID=bd0cf616d6a4554ecd8c8fb7c95c05c3 
Refreshing native plugins compatible for Editor in 2.96 ms, found 5 plugins.
Asset Pipeline Refresh (id=d0500635b812bc6478cb6d43de3bd1cc): Total: 0.074 seconds - Initiated by RefreshV2(AllowForceSynchronousImport)
[Worker4] Imported GUID: 69b971e8b34ef5c4c9712a5ee749f926 - Path: Assets/game character sidways.jpg - Importer: PreviewImporter -> (ImportResultId: '8101394b39be3456fe8148b7eb575f65') in 0.0280969 seconds
[Worker4] Imported GUID: 69b971e8b34ef5c4c9712a5ee749f926 - Path: Assets/game character sidways.jpg - Importer: ScriptedImporter/UnityEditor.QuickSearchModule:UnityEditor.Search:ASIAI0B -> (ImportResultId: '17ec0a14fc3027e35e0cfd45ed89b2cd') in 0.1373061 seconds
Asset Pipeline Refresh (id=8de7ecc1ca4612844b6e0ad39a65b5e1): Total: 0.016 seconds - Initiated by RefreshV2(AllowForceSynchronousImport)
Refreshing native plugins compatible for Editor in 3.40 ms, found 5 plugins.
Asset Pipeline Refresh (id=617b30972ba0e0e4da96f0960b1aa3f6): Total: 0.060 seconds - Initiated by StopAssetImportingV2(NoUpdateAssetOptions)
Asset Pipeline Refresh (id=008d0452718c39c44b090089bf504a9d): Total: 0.016 seconds - Initiated by RefreshV2(ForceSynchronousImport)
Asset Pipeline Refresh (id=1ebdad81efbf13f4ab6bf772ab53fcb1): Total: 0.005 seconds - Initiated by RefreshV2(AllowForceSynchronousImport)
Asset Pipeline Refresh (id=70eaed5027842984d8b30376555e73ec): Total: 0.006 seconds - Initiated by RefreshV2(AllowForceSynchronousImport)
Importing 'GUID: c3857b3eddee1074bb044c8e3766499c - Path: Assets/game character.png' with importer (TextureImporter)
Imported 'GUID: c3857b3eddee1074bb044c8e3766499c' -> (Import Result ID: 'ad5705246bf69bd1588f6be46a050714') in 0.007 seconds [static and dynamic dependencies]. Details - ImportResultOutputID=28fa0c968097e086555df6670cb22c12 DependenciesID=017af5dffe9a5acc9db096a2b0759258 StaticDependenciesID=28298d7b5b0c670e05a079c0ee523f87 
Refreshing native plugins compatible for Editor in 3.41 ms, found 5 plugins.
Asset Pipeline Refresh (id=2ae9a8535fc85e1459aa040eb7efca4a): Total: 0.067 seconds - Initiated by StopAssetImportingV2(NoUpdateAssetOptions)
[Worker4] Imported GUID: c3857b3eddee1074bb044c8e3766499c - Path: Assets/game character.png - Importer: PreviewImporter -> (ImportResultId: '10f6ad806c6ca1ef0937ee25db96dc62') in 0.3069884 seconds
[Worker4] Imported GUID: c3857b3eddee1074bb044c8e3766499c - Path: Assets/game character.png - Importer: ScriptedImporter/UnityEditor.QuickSearchModule:UnityEditor.Search:ASIAI0B -> (ImportResultId: '5f7b1e230429e45d5a6405021d1229fe') in 0.032294 seconds
Importing 'GUID: 23748f2e82d2a0b41adb0e0d9c09e85d - Path: Assets/game character sidways.png' with importer (TextureImporter)
Imported 'GUID: 23748f2e82d2a0b41adb0e0d9c09e85d' -> (Import Result ID: '3748e48e1c858083012226e71cda0156') in 0.005 seconds [static and dynamic dependencies]. Details - ImportResultOutputID=861b1b4c2ad71f5a7a7d85b495e93407 DependenciesID=636382c448bfbe9975806e311f3f5674 StaticDependenciesID=dd96fa0973bdc807b4bfa49d704bab14 
Refreshing native plugins compatible for Editor in 3.59 ms, found 5 plugins.
Asset Pipeline Refresh (id=38b527c46c7bbc14196f6f63903a6528): Total: 0.069 seconds - Initiated by StopAssetImportingV2(NoUpdateAssetOptions)
[Worker4] Imported GUID: 23748f2e82d2a0b41adb0e0d9c09e85d - Path: Assets/game character sidways.png - Importer: PreviewImporter -> (ImportResultId: 'ae7fb57becdd0f7d9826bc0db98a286b') in 0.0428096 seconds
[Worker4] Imported GUID: 23748f2e82d2a0b41adb0e0d9c09e85d - Path: Assets/game character sidways.png - Importer: ScriptedImporter/UnityEditor.QuickSearchModule:UnityEditor.Search:ASIAI0B -> (ImportResultId: '9eb34ed68ee19ca0590546e1849610c4') in 0.0283159 seconds
SpriteAtlasPacking completed in 0.006499 sec
Entering Playmode with Reload Domain disabled.
If you experience any issues, please disable "Enter Play Mode Options" in Editor Settings
Loaded scene 'Temp/__Backupscenes/0.backup'
	Deserialize:            0.511 ms
	Integration:            38.476 ms
	Integration of assets:  0.001 ms
	Thread Wait Time:       0.014 ms
	Total Operation Time:   39.002 ms
Unloading 6 Unused Serialized files (Serialized files now loaded: 0)
Loaded scene 'Temp/__Backupscenes/0.backup'
	Deserialize:            0.474 ms
	Integration:            36.812 ms
	Integration of assets:  0.001 ms
	Thread Wait Time:       0.010 ms
	Total Operation Time:   37.296 ms
Unloading 21 unused Assets / (0.9 MB). Loaded Objects now: 10234.
Memory consumption went from 0.88 GB to 0.88 GB.
Total: 49.217300 ms (FindLiveObjects: 1.641200 ms CreateObjectMapping: 0.765700 ms MarkObjects: 46.422600 ms  DeleteObjects: 0.124500 ms)

[Licensing::Client] Successfully resolved entitlement details
SpriteAtlasPacking completed in 0.006566 sec
Entering Playmode with Reload Domain disabled.
If you experience any issues, please disable "Enter Play Mode Options" in Editor Settings
Loaded scene 'Temp/__Backupscenes/0.backup'
	Deserialize:            0.494 ms
	Integration:            38.619 ms
	Integration of assets:  0.003 ms
	Thread Wait Time:       0.027 ms
	Total Operation Time:   39.143 ms
Unloading 8 Unused Serialized files (Serialized files now loaded: 0)
Loaded scene 'Temp/__Backupscenes/0.backup'
	Deserialize:            0.467 ms
	Integration:            39.313 ms
	Integration of assets:  0.002 ms
	Thread Wait Time:       0.023 ms
	Total Operation Time:   39.806 ms
Unloading 2 unused Assets / (1.3 MB). Loaded Objects now: 10235.
Memory consumption went from 0.88 GB to 0.88 GB.
Total: 49.895500 ms (FindLiveObjects: 1.714600 ms CreateObjectMapping: 0.759200 ms MarkObjects: 47.088400 ms  DeleteObjects: 0.080800 ms)

SpriteAtlasPacking completed in 0.006240 sec
Entering Playmode with Reload Domain disabled.
If you experience any issues, please disable "Enter Play Mode Options" in Editor Settings
Loaded scene 'Temp/__Backupscenes/0.backup'
	Deserialize:            0.662 ms
	Integration:            42.768 ms
	Integration of assets:  0.002 ms
	Thread Wait Time:       0.017 ms
	Total Operation Time:   43.448 ms
Unloading 6 Unused Serialized files (Serialized files now loaded: 0)
Loaded scene 'Temp/__Backupscenes/0.backup'
	Deserialize:            0.463 ms
	Integration:            34.508 ms
	Integration of assets:  0.001 ms
	Thread Wait Time:       0.012 ms
	Total Operation Time:   34.983 ms
Unloading 4 unused Assets / (0.9 MB). Loaded Objects now: 10204.
Memory consumption went from 0.88 GB to 0.88 GB.
Total: 48.582700 ms (FindLiveObjects: 1.532100 ms CreateObjectMapping: 0.929600 ms MarkObjects: 45.754200 ms  DeleteObjects: 0.106800 ms)

Asset Pipeline Refresh (id=45b9b62cf66f788439d2e03f38e9ba45): Total: 0.021 seconds - Initiated by RefreshV2(AllowForceSynchronousImport)
Asset Pipeline Refresh (id=06b93339ff92d1148a04bf54d9c6207e): Total: 0.005 seconds - Initiated by RefreshV2(AllowForceSynchronousImport)
Asset Pipeline Refresh (id=b64cce7eefc786b4188c0dd9823a2c5c): Total: 0.006 seconds - Initiated by RefreshV2(AllowForceSynchronousImport)
Asset Pipeline Refresh (id=ad21c38e4bac8e74984f568398aa74be): Total: 0.001 seconds - Initiated by StopAssetImportingV2(NoUpdateAssetOptions)
Importing 'GUID: c3857b3eddee1074bb044c8e3766499c - Path: Assets/game character.png' with importer (TextureImporter)
Imported 'GUID: c3857b3eddee1074bb044c8e3766499c' -> (Import Result ID: 'd7f3239af1506392f45c2ca2cbc9bdff') in 0.009 seconds [static and dynamic dependencies]. Details - ImportResultOutputID=cbf419d836548a548bb49c40badae557 DependenciesID=b63bd1a0678635cc7ce69de8babf135e StaticDependenciesID=6edd1664e0fb70df42718f08075d9571 
Refreshing native plugins compatible for Editor in 3.24 ms, found 5 plugins.
Asset Pipeline Refresh (id=7a3e9881d295ed84b8ccc6f5c23d53a6): Total: 0.072 seconds - Initiated by StopAssetImportingV2(NoUpdateAssetOptions)
[Worker4] Imported GUID: c3857b3eddee1074bb044c8e3766499c - Path: Assets/game character.png - Importer: PreviewImporter -> (ImportResultId: '2480c4620671c6285586c36ce36aa590') in 0.0844438 seconds
[Worker4] Imported GUID: c3857b3eddee1074bb044c8e3766499c - Path: Assets/game character.png - Importer: ScriptedImporter/UnityEditor.QuickSearchModule:UnityEditor.Search:ASIAI0B -> (ImportResultId: '4e8cc0867c84ac4c0b198ec9572cad96') in 0.0285129 seconds
SpriteAtlasPacking completed in 0.006498 sec
Entering Playmode with Reload Domain disabled.
If you experience any issues, please disable "Enter Play Mode Options" in Editor Settings
Loaded scene 'Temp/__Backupscenes/0.backup'
	Deserialize:            0.501 ms
	Integration:            50.875 ms
	Integration of assets:  0.001 ms
	Thread Wait Time:       0.013 ms
	Total Operation Time:   51.390 ms
Unloading 5 Unused Serialized files (Serialized files now loaded: 0)
Loaded scene 'Temp/__Backupscenes/0.backup'
	Deserialize:            0.453 ms
	Integration:            38.011 ms
	Integration of assets:  0.001 ms
	Thread Wait Time:       0.009 ms
	Total Operation Time:   38.475 ms
Unloading 20 unused Assets / (385.1 KB). Loaded Objects now: 10182.
Memory consumption went from 0.88 GB to 0.88 GB.
Total: 53.356300 ms (FindLiveObjects: 1.542400 ms CreateObjectMapping: 0.747300 ms MarkObjects: 50.652400 ms  DeleteObjects: 0.157600 ms)

[Licensing::Client] Successfully resolved entitlement details
NullReferenceException: Object reference not set to an instance of an object
  at UnityEditor.AnimationWindowBuiltin.AnimationWindowControl.CreateCandidateClip () [0x00017] in <ec9a9e8a8354473985d454aba1299833>:0 
  at UnityEditor.AnimationWindowBuiltin.AnimationWindowControl.StartPreview () [0x0005e] in <ec9a9e8a8354473985d454aba1299833>:0 
  at UnityEditor.AnimationWindowBuiltin.AnimationWindowControl.set_previewing (System.Boolean value) [0x00003] in <ec9a9e8a8354473985d454aba1299833>:0 
  at UnityEditorInternal.AnimationWindowState.set_previewing (System.Boolean value) [0x00029] in <ec9a9e8a8354473985d454aba1299833>:0 
  at UnityEditor.Animations.AnimationWindow.Widgets.Layout.<InitToolbar>b__95_0 (UnityEngine.UIElements.ChangeEvent`1[T] evt) [0x0000c] in <ec9a9e8a8354473985d454aba1299833>:0 
  at UnityEngine.UIElements.EventBase`1[T].InvokeCallback (System.Delegate userCallback) [0x00000] in <617acbd9decc402f842fdabb6c0f74b8>:0 
  at UnityEngine.UIElements.EventNoArgValue.Invoke (UnityEngine.UIElements.EventBase evt, UnityEngine.UIElements.EventCallbackInternal c) [0x00007] in <617acbd9decc402f842fdabb6c0f74b8>:0 
  at UnityEngine.UIElements.EventCallbackRegistry+DynamicCallbackList.Invoke (UnityEngine.UIElements.EventBase evt, UnityEngine.UIElements.BaseVisualElementPanel panel, UnityEngine.UIElements.VisualElement target, UnityEngine.UIElements.EventCallbackRegistry registry) [0x000e0] in <617acbd9decc402f842fdabb6c0f74b8>:0 
  at UnityEngine.UIElements.EventDispatchUtilities.HandleEventAcrossPropagationPath (UnityEngine.UIElements.EventBase evt, UnityEngine.UIElements.BaseVisualElementPanel panel, UnityEngine.UIElements.VisualElement target, System.Boolean isCapturingTarget) [0x0012c] in <617acbd9decc402f842fdabb6c0f74b8>:0 
  at UnityEngine.UIElements.EventDispatchUtilities.DefaultDispatch (UnityEngine.UIElements.EventBase evt, UnityEngine.UIElements.BaseVisualElementPanel panel) [0x00013] in <617acbd9decc402f842fdabb6c0f74b8>:0 
  at UnityEngine.UIElements.EventBase.Dispatch (UnityEngine.UIElements.BaseVisualElementPanel panel) [0x00000] in <617acbd9decc402f842fdabb6c0f74b8>:0 
  at UnityEngine.UIElements.EventDispatcher.ProcessEvent (UnityEngine.UIElements.EventBase evt, UnityEngine.UIElements.BaseVisualElementPanel panel) [0x00060] in <617acbd9decc402f842fdabb6c0f74b8>:0 
  at UnityEngine.UIElements.EventDispatcher.ProcessEventQueue () [0x00038] in <617acbd9decc402f842fdabb6c0f74b8>:0 
  at UnityEngine.UIElements.EventDispatcher.OpenGate () [0x00033] in <617acbd9decc402f842fdabb6c0f74b8>:0 
  at UnityEngine.UIElements.EventDispatcherGate.Dispose () [0x00000] in <617acbd9decc402f842fdabb6c0f74b8>:0 
  at UnityEngine.UIElements.EventDispatcher.ProcessEvent (UnityEngine.UIElements.EventBase evt, UnityEngine.UIElements.BaseVisualElementPanel panel) [0x000b0] in <617acbd9decc402f842fdabb6c0f74b8>:0 
  at UnityEngine.UIElements.EventDispatcher.Dispatch (UnityEngine.UIElements.EventBase evt, UnityEngine.UIElements.BaseVisualElementPanel panel, UnityEngine.UIElements.DispatchMode dispatchMode) [0x0002e] in <617acbd9decc402f842fdabb6c0f74b8>:0 
  at UnityEngine.UIElements.BaseVisualElementPanel.SendEvent (UnityEngine.UIElements.EventBase e, UnityEngine.UIElements.DispatchMode dispatchMode) [0x00038] in <617acbd9decc402f842fdabb6c0f74b8>:0 
  at UnityEditor.UIElements.EditorEventDispatchUtility.DoDispatch (UnityEngine.UIElements.BaseVisualElementPanel panel, UnityEngine.Event eventInstance) [0x00128] in <7e5f6c3131e74919805ad9ba09d6649b>:0 
  at UnityEditor.UIElements.DefaultWindowBackend.ProcessEvent (UnityEngine.Event e) [0x0000d] in <7e5f6c3131e74919805ad9ba09d6649b>:0 
  at UnityEditor.GUIView.ProcessEvent (UnityEngine.EntityId entityId, System.IntPtr nativeEventPtr, System.Boolean& result) [0x0006a] in <2194b77af8ea43e69caba13ba778a69a>:0 
UnityEngine.StackTraceUtility:ExtractStringFromExceptionInternal(Object, String&, String&)

Asset Pipeline Refresh (id=10d4072160669874988813a278cf4857): Total: 0.025 seconds - Initiated by RefreshV2(AllowForceSynchronousImport)
Importing 'GUID: 5332337ae5ac4fb4d835cb57088dfc8d - Path: Assets/playerStable.anim' with importer (NativeFormatImporter)
Imported 'GUID: 5332337ae5ac4fb4d835cb57088dfc8d' -> (Import Result ID: 'ba4b2db979f8f5db6c7b9668fcee13a0') in 0.002 seconds [static dependencies only]. Details - ImportResultOutputID=5d79e93a998c03febcb48eceb2c1a0b6 DependenciesID=e8ff594e86b669d64e17d3fe900acf8e StaticDependenciesID=1615f108d11d7b709264fa4d545a1c93 
Refreshing native plugins compatible for Editor in 3.08 ms, found 5 plugins.
Asset Pipeline Refresh (id=487b65cafb0523c46bea55f7124dc07d): Total: 0.060 seconds - Initiated by StopAssetImportingV2(NoUpdateAssetOptions)
[Worker4] Imported GUID: 5332337ae5ac4fb4d835cb57088dfc8d - Path: Assets/playerStable.anim - Importer: ScriptedImporter/UnityEditor.QuickSearchModule:UnityEditor.Search:ASIAI0B -> (ImportResultId: 'fe9f2ccf5fd7949ae65669c5de44f8a1') in 0.0271937 seconds
SpriteAtlasPacking completed in 0.006346 sec
Entering Playmode with Reload Domain disabled.
If you experience any issues, please disable "Enter Play Mode Options" in Editor Settings
Loaded scene 'Temp/__Backupscenes/0.backup'
	Deserialize:            0.739 ms
	Integration:            43.118 ms
	Integration of assets:  0.004 ms
	Thread Wait Time:       0.021 ms
	Total Operation Time:   43.882 ms
Unloading 5 Unused Serialized files (Serialized files now loaded: 0)
Loaded scene 'Temp/__Backupscenes/0.backup'
	Deserialize:            0.501 ms
	Integration:            41.975 ms
	Integration of assets:  0.001 ms
	Thread Wait Time:       0.013 ms
	Total Operation Time:   42.489 ms
Unloading 35 unused Assets / (1.3 MB). Loaded Objects now: 10293.
Memory consumption went from 0.89 GB to 0.89 GB.
Total: 60.464700 ms (FindLiveObjects: 1.656200 ms CreateObjectMapping: 0.173500 ms MarkObjects: 58.127400 ms  DeleteObjects: 0.186200 ms)

[Licensing::Client] Successfully resolved entitlement details
Asset Pipeline Refresh (id=c4c4e557eddd1194f9fb28040b383de2): Total: 0.022 seconds - Initiated by RefreshV2(AllowForceSynchronousImport)
Asset Pipeline Refresh (id=c699ef25118ae994595996b60f6409b4): Total: 0.005 seconds - Initiated by RefreshV2(AllowForceSynchronousImport)
Asset Pipeline Refresh (id=300ad35f5b4e319459c6dd6a372bfbd8): Total: 0.006 seconds - Initiated by RefreshV2(AllowForceSynchronousImport)
SpriteAtlasPacking completed in 0.006992 sec
Entering Playmode with Reload Domain disabled.
If you experience any issues, please disable "Enter Play Mode Options" in Editor Settings
Loaded scene 'Temp/__Backupscenes/0.backup'
	Deserialize:            0.656 ms
	Integration:            46.440 ms
	Integration of assets:  0.002 ms
	Thread Wait Time:       0.017 ms
	Total Operation Time:   47.115 ms
Unloading 6 Unused Serialized files (Serialized files now loaded: 0)
Loaded scene 'Temp/__Backupscenes/0.backup'
	Deserialize:            0.485 ms
	Integration:            40.326 ms
	Integration of assets:  0.001 ms
	Thread Wait Time:       0.008 ms
	Total Operation Time:   40.820 ms
Unloading 4 unused Assets / (1.2 MB). Loaded Objects now: 10289.
Memory consumption went from 0.89 GB to 0.89 GB.
Total: 55.235400 ms (FindLiveObjects: 1.587200 ms CreateObjectMapping: 0.875500 ms MarkObjects: 52.426300 ms  DeleteObjects: 0.090100 ms)

[Licensing::Client] Successfully resolved entitlement details
Asset Pipeline Refresh (id=e4bacf04d81351544a0f83874fa95a97): Total: 0.014 seconds - Initiated by RefreshV2(AllowForceSynchronousImport)
SpriteAtlasPacking completed in 0.007030 sec
Entering Playmode with Reload Domain disabled.
If you experience any issues, please disable "Enter Play Mode Options" in Editor Settings
Loaded scene 'Temp/__Backupscenes/0.backup'
	Deserialize:            0.501 ms
	Integration:            47.322 ms
	Integration of assets:  0.001 ms
	Thread Wait Time:       0.016 ms
	Total Operation Time:   47.841 ms
Unloading 5 Unused Serialized files (Serialized files now loaded: 0)
Loaded scene 'Temp/__Backupscenes/0.backup'
	Deserialize:            0.475 ms
	Integration:            38.859 ms
	Integration of assets:  0.001 ms
	Thread Wait Time:       0.008 ms
	Total Operation Time:   39.343 ms
Unloading 2 unused Assets / (357.7 KB). Loaded Objects now: 10318.
Memory consumption went from 0.89 GB to 0.89 GB.
Total: 56.083400 ms (FindLiveObjects: 1.606200 ms CreateObjectMapping: 0.178700 ms MarkObjects: 53.948400 ms  DeleteObjects: 0.083100 ms)

[Licensing::Client] Successfully resolved entitlement details
SpriteAtlasPacking completed in 0.005991 sec
Entering Playmode with Reload Domain disabled.
If you experience any issues, please disable "Enter Play Mode Options" in Editor Settings
Loaded scene 'Temp/__Backupscenes/0.backup'
	Deserialize:            0.721 ms
	Integration:            44.195 ms
	Integration of assets:  0.001 ms
	Thread Wait Time:       0.018 ms
	Total Operation Time:   44.935 ms
Unloading 7 Unused Serialized files (Serialized files now loaded: 0)
Loaded scene 'Temp/__Backupscenes/0.backup'
	Deserialize:            0.472 ms
	Integration:            39.047 ms
	Integration of assets:  0.001 ms
	Thread Wait Time:       0.010 ms
	Total Operation Time:   39.530 ms
Unloading 2 unused Assets / (444.6 KB). Loaded Objects now: 10318.
Memory consumption went from 0.89 GB to 0.89 GB.
Total: 56.121000 ms (FindLiveObjects: 1.599100 ms CreateObjectMapping: 0.774400 ms MarkObjects: 53.406900 ms  DeleteObjects: 0.083200 ms)

Asset Pipeline Refresh (id=a31435ae5fc3f2b44bfcf1587bdd18ee): Total: 0.011 seconds - Initiated by RefreshV2(AllowForceSynchronousImport)
[Worker4] Imported GUID: 5332337ae5ac4fb4d835cb57088dfc8d - Path: Assets/playerStable.anim - Importer: PreviewImporter -> (ImportResultId: '1a1ab164c8bba438208cb88384a46e5e') in 0.0197087 seconds
Asset Pipeline Refresh (id=328e01d1026ff794da09ab2350b019f0): Total: 0.008 seconds - Initiated by RefreshV2(AllowForceSynchronousImport)
Asset Pipeline Refresh (id=241cff9ee3397d24db5b5db725367211): Total: 0.005 seconds - Initiated by RefreshV2(AllowForceSynchronousImport)
SpriteAtlasPacking completed in 0.005480 sec
Entering Playmode with Reload Domain disabled.
If you experience any issues, please disable "Enter Play Mode Options" in Editor Settings
Loaded scene 'Temp/__Backupscenes/0.backup'
	Deserialize:            0.573 ms
	Integration:            45.783 ms
	Integration of assets:  0.001 ms
	Thread Wait Time:       0.012 ms
	Total Operation Time:   46.369 ms
Unloading 4 Unused Serialized files (Serialized files now loaded: 0)
Loaded scene 'Temp/__Backupscenes/0.backup'
	Deserialize:            0.489 ms
	Integration:            40.600 ms
	Integration of assets:  0.001 ms
	Thread Wait Time:       0.012 ms
	Total Operation Time:   41.101 ms
Unloading 18 unused Assets / (1.3 MB). Loaded Objects now: 10554.
Memory consumption went from 0.89 GB to 0.89 GB.
Total: 55.837700 ms (FindLiveObjects: 1.617400 ms CreateObjectMapping: 0.169400 ms MarkObjects: 53.654300 ms  DeleteObjects: 0.133500 ms)

[Licensing::Client] Successfully resolved entitlement details
Asset Pipeline Refresh (id=24762edd4cb1f664497e23224e189e17): Total: 0.013 seconds - Initiated by RefreshV2(AllowForceSynchronousImport)
Importing 'GUID: 00000000000000009000000000000000 - Path: ProjectSettings/QualitySettings.asset' with importer (LibraryAssetImporter)
Imported 'GUID: 00000000000000009000000000000000' -> (Import Result ID: 'ad6ca2034549a8dd6f88c2e2fb528c97') in 0.001 seconds [static dependencies only]. Details - ImportResultOutputID=2a108b3da874f726c62fbe5f12be4a8a DependenciesID=1aedbe56ae62f321fe459982db2fa012 StaticDependenciesID=e9a43e809c5953780a851aff477bfce8 
Importing 'GUID: 5332337ae5ac4fb4d835cb57088dfc8d - Path: Assets/playerStable.anim' with importer (NativeFormatImporter)
Imported 'GUID: 5332337ae5ac4fb4d835cb57088dfc8d' -> (Import Result ID: '1ac49a2486678d8036bb7c38bc8eb946') in 0.002 seconds [static dependencies only]. Details - ImportResultOutputID=5d79e93a998c03febcb48eceb2c1a0b6 DependenciesID=bdb2ad362eb5e7bfdc81bcaa2910f3a3 StaticDependenciesID=fe81c1b87a2d5cb14d6e2e7d333311fe 
Refreshing native plugins compatible for Editor in 2.92 ms, found 5 plugins.
Asset Pipeline Refresh (id=1915796b76ad55046b282ce9c9e33d7d): Total: 0.054 seconds - Initiated by StopAssetImportingV2(NoUpdateAssetOptions)
Importing 'GUID: 8c9cfa26abfee488c85f1582747f6a02 - Path: Assets/Scenes/SampleScene.unity' with importer (DefaultImporter)
Imported 'GUID: 8c9cfa26abfee488c85f1582747f6a02' -> (Import Result ID: '2752b2ba4902962f7fa0b22bfeb04b20') in 0.002 seconds [static dependencies only]. Details - ImportResultOutputID=024c942fddc2cb857ccb9edff708c760 DependenciesID=f6604b7cd9e798a5d18e5a39d782c335 StaticDependenciesID=9da602eec6ff7c0ce65de7bffebb6351 
Refreshing native plugins compatible for Editor in 3.04 ms, found 5 plugins.
Asset Pipeline Refresh (id=9324230993496ae4780200967c75cec6): Total: 0.046 seconds - Initiated by StopAssetImportingV2(NoUpdateAssetOptions)
[Worker4] Imported GUID: 8c9cfa26abfee488c85f1582747f6a02 - Path: Assets/Scenes/SampleScene.unity - Importer: ScriptedImporter/UnityEditor.QuickSearchModule:UnityEditor.Search:ASIAI0B -> (ImportResultId: '47d3954acc0033035c2689f59c6ad556') in 0.019383 seconds
[Worker2] Imported GUID: 5332337ae5ac4fb4d835cb57088dfc8d - Path: Assets/playerStable.anim - Importer: ScriptedImporter/UnityEditor.QuickSearchModule:UnityEditor.Search:ASIAI0B -> (ImportResultId: '71f09a4ebc1ff404256fa2475eb8ddf1') in 0.0985332 seconds
[Worker4] Imported GUID: 5332337ae5ac4fb4d835cb57088dfc8d - Path: Assets/playerStable.anim - Importer: PreviewImporter -> (ImportResultId: '0c2f4ac7096d51b80633b3642461314c') in 0.0169993 seconds
[LAYOUT] About to load C:/Users/infon/AppData/Roaming/Unity/Editor-5.x/Preferences\Layouts\default\2 by 3.wlt, keepMainWindow=True
[LAYOUT] About to save layout C:\Users\infon\game\UserSettings\Layouts\default-6000.dwlt
[LAYOUT] About to save layout C:/Users/infon/AppData/Roaming/Unity/Editor-5.x/Preferences\Layouts\current\default-6000.dwlt
[LAYOUT] About to load C:/Users/infon/AppData/Roaming/Unity/Editor-5.x/Preferences\Layouts\default\4 Split.wlt, keepMainWindow=True
[LAYOUT] About to save layout C:\Users\infon\game\UserSettings\Layouts\default-6000.dwlt
[LAYOUT] About to save layout C:/Users/infon/AppData/Roaming/Unity/Editor-5.x/Preferences\Layouts\current\default-6000.dwlt
SpriteAtlasPacking completed in 0.006958 sec
Entering Playmode with Reload Domain disabled.
If you experience any issues, please disable "Enter Play Mode Options" in Editor Settings
Loaded scene 'Temp/__Backupscenes/0.backup'
	Deserialize:            0.577 ms
	Integration:            61.911 ms
	Integration of assets:  0.001 ms
	Thread Wait Time:       0.009 ms
	Total Operation Time:   62.499 ms
[LAYOUT] About to load C:/Users/infon/AppData/Roaming/Unity/Editor-5.x/Preferences\Layouts\default\2 by 3.wlt, keepMainWindow=True
[LAYOUT] About to save layout C:\Users\infon\game\UserSettings\Layouts\default-6000.dwlt
[LAYOUT] About to save layout C:/Users/infon/AppData/Roaming/Unity/Editor-5.x/Preferences\Layouts\current\default-6000.dwlt
Unloading 35 Unused Serialized files (Serialized files now loaded: 0)
Loaded scene 'Temp/__Backupscenes/0.backup'
	Deserialize:            0.451 ms
	Integration:            61.525 ms
	Integration of assets:  0.001 ms
	Thread Wait Time:       0.008 ms
	Total Operation Time:   61.985 ms
Unloading 177 unused Assets / (0.8 MB). Loaded Objects now: 10551.
Memory consumption went from 0.91 GB to 0.91 GB.
Total: 77.681700 ms (FindLiveObjects: 1.775500 ms CreateObjectMapping: 0.176400 ms MarkObjects: 74.803800 ms  DeleteObjects: 0.661100 ms)

[Licensing::Client] Successfully resolved entitlement details
SpriteAtlasPacking completed in 0.005409 sec
Entering Playmode with Reload Domain disabled.
If you experience any issues, please disable "Enter Play Mode Options" in Editor Settings
Loaded scene 'Temp/__Backupscenes/0.backup'
	Deserialize:            0.578 ms
	Integration:            61.004 ms
	Integration of assets:  0.005 ms
	Thread Wait Time:       0.009 ms
	Total Operation Time:   61.596 ms
Unloading 2 Unused Serialized files (Serialized files now loaded: 0)
Loaded scene 'Temp/__Backupscenes/0.backup'
	Deserialize:            0.473 ms
	Integration:            58.515 ms
	Integration of assets:  0.001 ms
	Thread Wait Time:       0.012 ms
	Total Operation Time:   59.002 ms
Unloading 1 unused Assets / (1.5 MB). Loaded Objects now: 10551.
Memory consumption went from 0.90 GB to 0.90 GB.
Total: 82.646900 ms (FindLiveObjects: 1.610200 ms CreateObjectMapping: 0.173300 ms MarkObjects: 80.544300 ms  DeleteObjects: 0.068400 ms)

Importing 'GUID: 4bd339c60687b9646932918e1edbfcbc - Path: Assets/Player.controller' with importer (NativeFormatImporter)
Imported 'GUID: 4bd339c60687b9646932918e1edbfcbc' -> (Import Result ID: '47b03ee0087b167148f20e2b1c0d22ed') in 0.002 seconds [static dependencies only]. Details - ImportResultOutputID=cb60a74de252c1d38b94c667408a10c7 DependenciesID=8e9235289685595ab5ffcfc3edaa0595 StaticDependenciesID=8183f56b843dd4f8ad05dc0b8a2d8cf8 
Refreshing native plugins compatible for Editor in 2.93 ms, found 5 plugins.
Asset Pipeline Refresh (id=833dc9be56554ad4a83a0096b63ed0a0): Total: 0.081 seconds - Initiated by StopAssetImportingV2(NoUpdateAssetOptions)
The legacy Animation Clip "playerStable" cannot be used in the State "playerStable". Legacy AnimationClips are not allowed in Animator Controllers.
UnityEngine.Debug:ExtractStackTraceNoAlloc (byte*,int,string)
UnityEngine.StackTraceUtility:ExtractStackTrace ()
UnityEditor.Animations.AnimatorState:set_motion (UnityEngine.Motion)
UnityEditor.Animations.AnimatorController:CreateAnimatorControllerAtPathWithClip (string,UnityEngine.AnimationClip)
UnityEditor.Animations.AnimatorController:CreateAnimatorControllerForClip (UnityEngine.AnimationClip,UnityEngine.GameObject)
UnityEditorInternal.InternalEditorUtility:HierarchyWindowDragByID (UnityEngine.EntityId,UnityEngine.Vector3,UnityEditor.HierarchyDropFlags,bool,UnityEngine.Transform,bool)
UnityEditorInternal.InternalEditorUtility:HierarchyWindowDragByID (UnityEngine.EntityId,UnityEditor.HierarchyDropFlags,UnityEngine.Transform,bool)
System.Reflection.RuntimeMethodInfo:Invoke (object,System.Reflection.BindingFlags,System.Reflection.Binder,object[],System.Globalization.CultureInfo)
System.Reflection.MethodBase:Invoke (object,object[])
System.Delegate:DynamicInvokeImpl (object[])
System.MulticastDelegate:DynamicInvokeImpl (object[])
System.Delegate:DynamicInvoke (object[])
UnityEditor.DragAndDrop:Drop (int,object[])
UnityEditor.DragAndDrop:DropOnHierarchyWindow (UnityEngine.EntityId,UnityEditor.HierarchyDropFlags,UnityEngine.Transform,bool)
Unity.Hierarchy.Editor.HierarchyGameObjectHandler:DoHandleDrop (Unity.Hierarchy.HierarchyViewDragAndDropHandlingData&,bool)
Unity.Hierarchy.Editor.HierarchyGameObjectHandler:Unity.Hierarchy.IHierarchyEditorNodeTypeHandler.OnAcceptDrop (Unity.Hierarchy.HierarchyViewDragAndDropHandlingData modreq(System.Runtime.InteropServices.InAttribute)&)
Unity.Hierarchy.HierarchyViewDragHandler:HandleNodeHandlersOnAcceptDrop (Unity.Hierarchy.HierarchyViewDragHandler/HierarchyViewDragAndDropTargets,int,UnityEngine.UIElements.DragAndDropData,Unity.Hierarchy.HierarchyNode&,bool&)
Unity.Hierarchy.HierarchyViewDragHandler:ExecuteDrop (UnityEngine.UIElements.HandleDragAndDropArgs&,Unity.Hierarchy.HierarchyViewDragHandler/HierarchyViewDragAndDropTargets&,bool&)
Unity.Hierarchy.HierarchyViewDragHandler:HandleDrop (UnityEngine.UIElements.HandleDragAndDropArgs)
UnityEngine.UIElements.HierarchyV2.CollectionView:RaiseDrop (UnityEngine.Vector2,UnityEngine.UIElements.DragAndDropArgs)
UnityEngine.UIElements.HierarchyV2.CollectionViewDragger:OnDrop (UnityEngine.Vector3,UnityEngine.EventModifiers)
UnityEngine.UIElements.DragEventsProcessor:OnDragPerformEvent (UnityEngine.UIElements.DragPerformEvent)
UnityEngine.UIElements.EventBase`1<UnityEngine.UIElements.DragPerformEvent>:InvokeCallback (System.Delegate)
UnityEngine.UIElements.EventNoArgValue:Invoke (UnityEngine.UIElements.EventBase,UnityEngine.UIElements.EventCallbackInternal)
UnityEngine.UIElements.EventCallbackRegistry/DynamicCallbackList:Invoke (UnityEngine.UIElements.EventBase,UnityEngine.UIElements.BaseVisualElementPanel,UnityEngine.UIElements.VisualElement,UnityEngine.UIElements.EventCallbackRegistry)
UnityEngine.UIElements.EventDispatchUtilities:HandleEventAcrossPropagationPath (UnityEngine.UIElements.EventBase,UnityEngine.UIElements.BaseVisualElementPanel,UnityEngine.UIElements.VisualElement,bool)
UnityEngine.UIElements.EventDispatchUtilities:DispatchToElementUnderPointerOrPanelRoot (UnityEngine.UIElements.EventBase,UnityEngine.UIElements.BaseVisualElementPanel,int,UnityEngine.Vector2)
UnityEngine.UIElements.EventDispatchUtilities:DispatchToCapturingElementOrElementUnderPointer (UnityEngine.UIElements.EventBase,UnityEngine.UIElements.BaseVisualElementPanel,int,UnityEngine.Vector2)
UnityEngine.UIElements.MouseEventBase`1<UnityEngine.UIElements.DragPerformEvent>:Dispatch (UnityEngine.UIElements.BaseVisualElementPanel)
UnityEngine.UIElements.EventDispatcher:ProcessEvent (UnityEngine.UIElements.EventBase,UnityEngine.UIElements.BaseVisualElementPanel)
UnityEngine.UIElements.EventDispatcher:Dispatch (UnityEngine.UIElements.EventBase,UnityEngine.UIElements.BaseVisualElementPanel,UnityEngine.UIElements.DispatchMode)
UnityEngine.UIElements.BaseVisualElementPanel:SendEvent (UnityEngine.UIElements.EventBase,UnityEngine.UIElements.DispatchMode)
UnityEditor.UIElements.EditorEventDispatchUtility:DoDispatch (UnityEngine.UIElements.BaseVisualElementPanel,UnityEngine.Event)
UnityEditor.UIElements.DefaultWindowBackend:ProcessEvent (UnityEngine.Event)
UnityEditor.GUIView:ProcessEvent (UnityEngine.EntityId,intptr,bool&)

[C:\build\output\unity\unity\Editor\Src\Animation\StateMachine.cpp line 449]

Importing 'GUID: 4bd339c60687b9646932918e1edbfcbc - Path: Assets/Player.controller' with importer (NativeFormatImporter)
Imported 'GUID: 4bd339c60687b9646932918e1edbfcbc' -> (Import Result ID: 'c984efa58c4ec20c6b4b081e3ed2a61f') in 0.001 seconds [static dependencies only]. Details - ImportResultOutputID=cb60a74de252c1d38b94c667408a10c7 DependenciesID=07fdf44c47343cf6cfed5f7b50bb4b3a StaticDependenciesID=008c2f7a1cdb4f08070e0d20dca26e7f 
Refreshing native plugins compatible for Editor in 3.31 ms, found 5 plugins.
Asset Pipeline Refresh (id=5b4183c60657e4646883409f10616b2a): Total: 0.050 seconds - Initiated by StopAssetImportingV2(NoUpdateAssetOptions)
[Worker4] Imported GUID: 4bd339c60687b9646932918e1edbfcbc - Path: Assets/Player.controller - Importer: ScriptedImporter/UnityEditor.QuickSearchModule:UnityEditor.Search:ASIAI0B -> (ImportResultId: 'b24391339f72839c0503aadfae072811') in 0.0191705 seconds
[Worker4] Imported GUID: 4bd339c60687b9646932918e1edbfcbc - Path: Assets/Player.controller - Importer: PreviewImporter -> (ImportResultId: '7e275d1b21c2f8a20fe4cc8bf0f98185') in 0.0166356 seconds
SpriteAtlasPacking completed in 0.005554 sec
Entering Playmode with Reload Domain disabled.
If you experience any issues, please disable "Enter Play Mode Options" in Editor Settings
Loaded scene 'Temp/__Backupscenes/0.backup'
	Deserialize:            0.629 ms
	Integration:            60.602 ms
	Integration of assets:  0.003 ms
	Thread Wait Time:       0.025 ms
	Total Operation Time:   61.259 ms
Unloading 3 Unused Serialized files (Serialized files now loaded: 0)
Loaded scene 'Temp/__Backupscenes/0.backup'
	Deserialize:            0.498 ms
	Integration:            56.921 ms
	Integration of assets:  0.001 ms
	Thread Wait Time:       0.011 ms
	Total Operation Time:   57.431 ms
Unloading 17 unused Assets / (347.6 KB). Loaded Objects now: 10543.
Memory consumption went from 0.90 GB to 0.90 GB.
Total: 76.721600 ms (FindLiveObjects: 1.642000 ms CreateObjectMapping: 0.748200 ms MarkObjects: 73.975500 ms  DeleteObjects: 0.089200 ms)

[Licensing::Client] Successfully resolved entitlement details
Asset Pipeline Refresh (id=864ddb0b76a418f4bbbd39bf254e55f8): Total: 0.021 seconds - Initiated by RefreshV2(AllowForceSynchronousImport)
Asset Pipeline Refresh (id=3095d3e3d89bde741a6f91717d16cf97): Total: 0.008 seconds - Initiated by RefreshV2(AllowForceSynchronousImport)
SpriteAtlasPacking completed in 0.006373 sec
Entering Playmode with Reload Domain disabled.
If you experience any issues, please disable "Enter Play Mode Options" in Editor Settings
Loaded scene 'Temp/__Backupscenes/0.backup'
	Deserialize:            0.557 ms
	Integration:            61.781 ms
	Integration of assets:  0.001 ms
	Thread Wait Time:       0.013 ms
	Total Operation Time:   62.352 ms
Unloading 3 Unused Serialized files (Serialized files now loaded: 0)
Loaded scene 'Temp/__Backupscenes/0.backup'
	Deserialize:            0.489 ms
	Integration:            58.533 ms
	Integration of assets:  0.001 ms
	Thread Wait Time:       0.010 ms
	Total Operation Time:   59.033 ms
Unloading 2 unused Assets / (0.9 MB). Loaded Objects now: 10630.
Memory consumption went from 0.90 GB to 0.90 GB.
Total: 76.068100 ms (FindLiveObjects: 1.641100 ms CreateObjectMapping: 0.166300 ms MarkObjects: 73.926500 ms  DeleteObjects: 0.081100 ms)

[Licensing::Client] Successfully resolved entitlement details
[LAYOUT] About to load C:/Users/infon/AppData/Roaming/Unity/Editor-5.x/Preferences\Layouts\default\Default.wlt, keepMainWindow=True
[LAYOUT] About to save layout C:\Users\infon\game\UserSettings\Layouts\default-6000.dwlt
[LAYOUT] About to save layout C:/Users/infon/AppData/Roaming/Unity/Editor-5.x/Preferences\Layouts\current\default-6000.dwlt
Asset Pipeline Refresh (id=1c83e97cdf42bef4284d6e718047c670): Total: 0.013 seconds - Initiated by RefreshV2(AllowForceSynchronousImport)
Asset Pipeline Refresh (id=c303d60602d11f44994de064e8cd9d1e): Total: 0.006 seconds - Initiated by RefreshV2(AllowForceSynchronousImport)
Sprite Tiling might not appear correctly because the Sprite used is not generated with Full Rect. To fix this, change the Mesh Type in the Sprite's import setting to Full Rect
UnityEngine.Debug:ExtractStackTraceNoAlloc (byte*,int,string)
UnityEngine.StackTraceUtility:ExtractStackTrace ()
UnityEngine.SpriteRenderer:set_drawMode (UnityEngine.SpriteDrawMode)
UnityEditor.SpriteRendererEditor:SetDrawMode (UnityEngine.SpriteDrawMode)
UnityEditor.SpriteRendererEditor:OnInspectorGUI ()
UnityEditor.UIElements.InspectorElement/<>c__DisplayClass88_0:<CreateInspectorElementUsingIMGUI>b__2 ()
UnityEngine.UIElements.IMGUIContainer:DoOnGUI (UnityEngine.Event,UnityEngine.Matrix4x4,UnityEngine.Rect,bool,UnityEngine.Rect,System.Action,bool)
UnityEngine.UIElements.IMGUIContainer:HandleIMGUIEvent (UnityEngine.Event,UnityEngine.Matrix4x4,UnityEngine.Rect,System.Action,bool)
UnityEngine.UIElements.IMGUIContainer:HandleIMGUIEvent (UnityEngine.Event,System.Action,bool)
UnityEngine.UIElements.IMGUIContainer:HandleIMGUIEvent (UnityEngine.Event,bool)
UnityEngine.UIElements.IMGUIContainer:SendEventToIMGUIRaw (UnityEngine.UIElements.EventBase,bool,bool)
UnityEngine.UIElements.IMGUIContainer:SendEventToIMGUI (UnityEngine.UIElements.EventBase,bool,bool)
UnityEngine.UIElements.IMGUIContainer:HandleEventBubbleUp (UnityEngine.UIElements.EventBase)
UnityEngine.UIElements.EventDispatchUtilities:HandleEventAcrossPropagationPath (UnityEngine.UIElements.EventBase,UnityEngine.UIElements.BaseVisualElementPanel,UnityEngine.UIElements.VisualElement,bool)
UnityEngine.UIElements.EventDispatchUtilities:DispatchToFocusedElementOrPanelRoot (UnityEngine.UIElements.EventBase,UnityEngine.UIElements.BaseVisualElementPanel)
UnityEngine.UIElements.CommandEventBase`1<UnityEngine.UIElements.ExecuteCommandEvent>:Dispatch (UnityEngine.UIElements.BaseVisualElementPanel)
UnityEngine.UIElements.EventDispatcher:ProcessEvent (UnityEngine.UIElements.EventBase,UnityEngine.UIElements.BaseVisualElementPanel)
UnityEngine.UIElements.EventDispatcher:Dispatch (UnityEngine.UIElements.EventBase,UnityEngine.UIElements.BaseVisualElementPanel,UnityEngine.UIElements.DispatchMode)
UnityEngine.UIElements.BaseVisualElementPanel:SendEvent (UnityEngine.UIElements.EventBase,UnityEngine.UIElements.DispatchMode)
UnityEditor.UIElements.EditorEventDispatchUtility:DoDispatch (UnityEngine.UIElements.BaseVisualElementPanel,UnityEngine.Event)
UnityEditor.UIElements.DefaultWindowBackend:ProcessEvent (UnityEngine.Event)
UnityEditor.GUIView:ProcessEvent (UnityEngine.EntityId,intptr,bool&)
UnityEditor.GUIView:Internal_SendEvent (UnityEngine.Event)
UnityEditor.GUIView:SendEvent (UnityEngine.Event)
UnityEditor.EditorGUI/PopupCallbackInfo:SetEnumValueDelegate (object,string[],int)

[C:\build\output\unity\unity\Runtime\Graphics\Mesh\SpriteRenderer.cpp line 929]

Sprite Tiling might not appear correctly because the Sprite used is not generated with Full Rect. To fix this, change the Mesh Type in the Sprite's import setting to Full Rect
UnityEngine.Debug:ExtractStackTraceNoAlloc (byte*,int,string)
UnityEngine.StackTraceUtility:ExtractStackTrace ()
UnityEngine.SpriteRenderer:set_drawMode (UnityEngine.SpriteDrawMode)
UnityEditor.SpriteRendererEditor:SetDrawMode (UnityEngine.SpriteDrawMode)
UnityEditor.SpriteRendererEditor:OnInspectorGUI ()
UnityEditor.UIElements.InspectorElement/<>c__DisplayClass88_0:<CreateInspectorElementUsingIMGUI>b__2 ()
UnityEngine.UIElements.IMGUIContainer:DoOnGUI (UnityEngine.Event,UnityEngine.Matrix4x4,UnityEngine.Rect,bool,UnityEngine.Rect,System.Action,bool)
UnityEngine.UIElements.IMGUIContainer:HandleIMGUIEvent (UnityEngine.Event,UnityEngine.Matrix4x4,UnityEngine.Rect,System.Action,bool)
UnityEngine.UIElements.IMGUIContainer:HandleIMGUIEvent (UnityEngine.Event,System.Action,bool)
UnityEngine.UIElements.IMGUIContainer:HandleIMGUIEvent (UnityEngine.Event,bool)
UnityEngine.UIElements.IMGUIContainer:SendEventToIMGUIRaw (UnityEngine.UIElements.EventBase,bool,bool)
UnityEngine.UIElements.IMGUIContainer:SendEventToIMGUI (UnityEngine.UIElements.EventBase,bool,bool)
UnityEngine.UIElements.IMGUIContainer:HandleEventBubbleUp (UnityEngine.UIElements.EventBase)
UnityEngine.UIElements.EventDispatchUtilities:HandleEventAcrossPropagationPath (UnityEngine.UIElements.EventBase,UnityEngine.UIElements.BaseVisualElementPanel,UnityEngine.UIElements.VisualElement,bool)
UnityEngine.UIElements.EventDispatchUtilities:DispatchToFocusedElementOrPanelRoot (UnityEngine.UIElements.EventBase,UnityEngine.UIElements.BaseVisualElementPanel)
UnityEngine.UIElements.CommandEventBase`1<UnityEngine.UIElements.ExecuteCommandEvent>:Dispatch (UnityEngine.UIElements.BaseVisualElementPanel)
UnityEngine.UIElements.EventDispatcher:ProcessEvent (UnityEngine.UIElements.EventBase,UnityEngine.UIElements.BaseVisualElementPanel)
UnityEngine.UIElements.EventDispatcher:Dispatch (UnityEngine.UIElements.EventBase,UnityEngine.UIElements.BaseVisualElementPanel,UnityEngine.UIElements.DispatchMode)
UnityEngine.UIElements.BaseVisualElementPanel:SendEvent (UnityEngine.UIElements.EventBase,UnityEngine.UIElements.DispatchMode)
UnityEditor.UIElements.EditorEventDispatchUtility:DoDispatch (UnityEngine.UIElements.BaseVisualElementPanel,UnityEngine.Event)
UnityEditor.UIElements.DefaultWindowBackend:ProcessEvent (UnityEngine.Event)
UnityEditor.GUIView:ProcessEvent (UnityEngine.EntityId,intptr,bool&)
UnityEditor.GUIView:Internal_SendEvent (UnityEngine.Event)
UnityEditor.GUIView:SendEvent (UnityEngine.Event)
UnityEditor.EditorGUI/PopupCallbackInfo:SetEnumValueDelegate (object,string[],int)

[C:\build\output\unity\unity\Runtime\Graphics\Mesh\SpriteRenderer.cpp line 929]

Launched and connected shader compiler UnityShaderCompiler.exe after 0.01 seconds
Launched and connected shader compiler UnityShaderCompiler.exe after 0.01 seconds
Asset Pipeline Refresh (id=9fe7b2e85e962ca47a558d9a17e66dec): Total: 0.008 seconds - Initiated by RefreshV2(AllowForceSynchronousImport)
Asset Pipeline Refresh (id=00e7f0a66ae5da8409418abf7e1bec15): Total: 0.006 seconds - Initiated by RefreshV2(AllowForceSynchronousImport)
Asset Pipeline Refresh (id=6024cafc20d194d4aa4d6d811f74fbc3): Total: 0.005 seconds - Initiated by RefreshV2(AllowForceSynchronousImport)
Material ‘SimpleLit’ has _TexelSize / _ST texture properties which are not supported by 2D SRP Batcher. SRP batching will be disabled for 2D Renderers using this Material.”
UnityEngine.Debug:ExtractStackTraceNoAlloc (byte*,int,string)
UnityEngine.StackTraceUtility:ExtractStackTrace ()
UnityEditor.SerializedObject:ApplyModifiedProperties ()
UnityEditor.SpriteRendererEditor:OnInspectorGUI ()
UnityEditor.UIElements.InspectorElement/<>c__DisplayClass88_0:<CreateInspectorElementUsingIMGUI>b__2 ()
UnityEngine.UIElements.IMGUIContainer:DoOnGUI (UnityEngine.Event,UnityEngine.Matrix4x4,UnityEngine.Rect,bool,UnityEngine.Rect,System.Action,bool)
UnityEngine.UIElements.IMGUIContainer:HandleIMGUIEvent (UnityEngine.Event,UnityEngine.Matrix4x4,UnityEngine.Rect,System.Action,bool)
UnityEngine.UIElements.IMGUIContainer:HandleIMGUIEvent (UnityEngine.Event,System.Action,bool)
UnityEngine.UIElements.IMGUIContainer:HandleIMGUIEvent (UnityEngine.Event,bool)
UnityEngine.UIElements.IMGUIContainer:SendEventToIMGUIRaw (UnityEngine.UIElements.EventBase,bool,bool)
UnityEngine.UIElements.IMGUIContainer:SendEventToIMGUI (UnityEngine.UIElements.EventBase,bool,bool)
UnityEngine.UIElements.IMGUIContainer:HandleEventBubbleUp (UnityEngine.UIElements.EventBase)
UnityEngine.UIElements.EventDispatchUtilities:HandleEventAcrossPropagationPath (UnityEngine.UIElements.EventBase,UnityEngine.UIElements.BaseVisualElementPanel,UnityEngine.UIElements.VisualElement,bool)
UnityEngine.UIElements.EventDispatchUtilities:DispatchToElementUnderPointerOrPanelRoot (UnityEngine.UIElements.EventBase,UnityEngine.UIElements.BaseVisualElementPanel,int,UnityEngine.Vector2)
UnityEngine.UIElements.EventDispatchUtilities:DispatchToCapturingElementOrElementUnderPointer (UnityEngine.UIElements.EventBase,UnityEngine.UIElements.BaseVisualElementPanel,int,UnityEngine.Vector2)
UnityEngine.UIElements.MouseEventBase`1<UnityEngine.UIElements.DragPerformEvent>:Dispatch (UnityEngine.UIElements.BaseVisualElementPanel)
UnityEngine.UIElements.EventDispatcher:ProcessEvent (UnityEngine.UIElements.EventBase,UnityEngine.UIElements.BaseVisualElementPanel)
UnityEngine.UIElements.EventDispatcher:Dispatch (UnityEngine.UIElements.EventBase,UnityEngine.UIElements.BaseVisualElementPanel,UnityEngine.UIElements.DispatchMode)
UnityEngine.UIElements.BaseVisualElementPanel:SendEvent (UnityEngine.UIElements.EventBase,UnityEngine.UIElements.DispatchMode)
UnityEditor.UIElements.EditorEventDispatchUtility:DoDispatch (UnityEngine.UIElements.BaseVisualElementPanel,UnityEngine.Event)
UnityEditor.UIElements.DefaultWindowBackend:ProcessEvent (UnityEngine.Event)
UnityEditor.GUIView:ProcessEvent (UnityEngine.EntityId,intptr,bool&)

[ line 0]

Asset Pipeline Refresh (id=3899a52b19276a14dbe55c1d37fcb539): Total: 0.006 seconds - Initiated by RefreshV2(AllowForceSynchronousImport)
GUILayout: Mismatched LayoutGroup.Ignore
[Licensing::Client] Successfully resolved entitlement details
The legacy Animation Clip "playerStable" cannot be used in the State "playerStable". Legacy AnimationClips are not allowed in Animator Controllers.
UnityEngine.Debug:ExtractStackTraceNoAlloc (byte*,int,string)
UnityEngine.StackTraceUtility:ExtractStackTrace ()
UnityEditor.Animations.AnimatorState:set_motion (UnityEngine.Motion)
UnityEditor.Animations.AnimatorController:SetStateEffectiveMotion (UnityEditor.Animations.AnimatorState,UnityEngine.Motion,int)
UnityEditor.Graphs.AnimationStateMachine.StateEditor:OnInspectorGUI ()
UnityEditor.UIElements.InspectorElement/<>c__DisplayClass88_0:<CreateInspectorElementUsingIMGUI>b__2 ()
UnityEngine.UIElements.IMGUIContainer:DoOnGUI (UnityEngine.Event,UnityEngine.Matrix4x4,UnityEngine.Rect,bool,UnityEngine.Rect,System.Action,bool)
UnityEngine.UIElements.IMGUIContainer:HandleIMGUIEvent (UnityEngine.Event,UnityEngine.Matrix4x4,UnityEngine.Rect,System.Action,bool)
UnityEngine.UIElements.IMGUIContainer:HandleIMGUIEvent (UnityEngine.Event,System.Action,bool)
UnityEngine.UIElements.IMGUIContainer:HandleIMGUIEvent (UnityEngine.Event,bool)
UnityEngine.UIElements.IMGUIContainer:SendEventToIMGUIRaw (UnityEngine.UIElements.EventBase,bool,bool)
UnityEngine.UIElements.IMGUIContainer:SendEventToIMGUI (UnityEngine.UIElements.EventBase,bool,bool)
UnityEngine.UIElements.IMGUIContainer:HandleEventBubbleUp (UnityEngine.UIElements.EventBase)
UnityEngine.UIElements.EventDispatchUtilities:HandleEventAcrossPropagationPath (UnityEngine.UIElements.EventBase,UnityEngine.UIElements.BaseVisualElementPanel,UnityEngine.UIElements.VisualElement,bool)
UnityEngine.UIElements.EventDispatchUtilities:DispatchToFocusedElementOrPanelRoot (UnityEngine.UIElements.EventBase,UnityEngine.UIElements.BaseVisualElementPanel)
UnityEngine.UIElements.CommandEventBase`1<UnityEngine.UIElements.ExecuteCommandEvent>:Dispatch (UnityEngine.UIElements.BaseVisualElementPanel)
UnityEngine.UIElements.EventDispatcher:ProcessEvent (UnityEngine.UIElements.EventBase,UnityEngine.UIElements.BaseVisualElementPanel)
UnityEngine.UIElements.EventDispatcher:Dispatch (UnityEngine.UIElements.EventBase,UnityEngine.UIElements.BaseVisualElementPanel,UnityEngine.UIElements.DispatchMode)
UnityEngine.UIElements.BaseVisualElementPanel:SendEvent (UnityEngine.UIElements.EventBase,UnityEngine.UIElements.DispatchMode)
UnityEditor.UIElements.EditorEventDispatchUtility:DoDispatch (UnityEngine.UIElements.BaseVisualElementPanel,UnityEngine.Event)
UnityEditor.UIElements.DefaultWindowBackend:ProcessEvent (UnityEngine.Event)
UnityEditor.GUIView:ProcessEvent (UnityEngine.EntityId,intptr,bool&)
UnityEditor.GUIView:Internal_SendEvent (UnityEngine.Event)
UnityEditor.GUIView:SendEvent (UnityEngine.Event)
UnityEditor.ObjectSelector:SendEvent (string,bool)
UnityEditor.ObjectSelector:NotifySelectionChanged (UnityEngine.Object,bool)
UnityEditor.ObjectSelector:NotifySelectionChanged (bool)
UnityEditor.ObjectSelector:ListAreaItemSelectedCallback (bool)
UnityEditor.ObjectListArea:SetSelection (UnityEngine.EntityId[],bool)
UnityEditor.ObjectListArea/LocalGroup:HandleMouseWithoutDragging (UnityEngine.EntityId,int,UnityEngine.Rect)
UnityEditor.ObjectListArea/LocalGroup:DrawItem (UnityEngine.Rect,UnityEditor.FilteredHierarchy/FilterResult,UnityEditor.BuiltinResource,bool)
UnityEditor.ObjectListArea/LocalGroup:DrawInternal (int,int,single)
UnityEditor.ObjectListArea/Group:Draw (single,UnityEngine.Vector2,int&)
UnityEditor.ObjectListArea:HandleListArea ()
UnityEditor.ObjectListArea:OnGUI (UnityEngine.Rect,int)
UnityEditor.ObjectSelector:GridListArea ()
UnityEditor.ObjectSelector:OnObjectGridGUI ()
UnityEditor.ObjectSelector:OnGUIHandler ()
UnityEngine.UIElements.IMGUIContainer:DoOnGUI (UnityEngine.Event,UnityEngine.Matrix4x4,UnityEngine.Rect,bool,UnityEngine.Rect,System.Action,bool)
UnityEngine.UIElements.IMGUIContainer:HandleIMGUIEvent (UnityEngine.Event,UnityEngine.Matrix4x4,UnityEngine.Rect,System.Action,bool)
UnityEngine.UIElements.IMGUIContainer:HandleIMGUIEvent (UnityEngine.Event,System.Action,bool)
UnityEngine.UIElements.IMGUIContainer:HandleIMGUIEvent (UnityEngine.Event,bool)
UnityEngine.UIElements.IMGUIContainer:SendEventToIMGUIRaw (UnityEngine.UIElements.EventBase,bool,bool)
UnityEngine.UIElements.IMGUIContainer:SendEventToIMGUI (UnityEngine.UIElements.EventBase,bool,bool)
UnityEngine.UIElements.IMGUIContainer:HandleEventBubbleUp (UnityEngine.UIElements.EventBase)
UnityEngine.UIElements.EventDispatchUtilities:HandleEventAcrossPropagationPathWithCompatibilityEvent (UnityEngine.UIElements.EventBase,UnityEngine.UIElements.EventBase,UnityEngine.UIElements.BaseVisualElementPanel,UnityEngine.UIElements.VisualElement,bool)
UnityEngine.UIElements.EventDispatchUtilities:DispatchToElementUnderPointerOrPanelRoot (UnityEngine.UIElements.EventBase,UnityEngine.UIElements.BaseVisualElementPanel,int,UnityEngine.Vector2)
UnityEngine.UIElements.EventDispatchUtilities:DispatchToCapturingElementOrElementUnderPointer (UnityEngine.UIElements.EventBase,UnityEngine.UIElements.BaseVisualElementPanel,int,UnityEngine.Vector2)
UnityEngine.UIElements.PointerDownEvent:Dispatch (UnityEngine.UIElements.BaseVisualElementPanel)
UnityEngine.UIElements.EventDispatcher:ProcessEvent (UnityEngine.UIElements.EventBase,UnityEngine.UIElements.BaseVisualElementPanel)
UnityEngine.UIElements.EventDispatcher:Dispatch (UnityEngine.UIElements.EventBase,UnityEngine.UIElements.BaseVisualElementPanel,UnityEngine.UIElements.DispatchMode)
UnityEngine.UIElements.BaseVisualElementPanel:SendEvent (UnityEngine.UIElements.EventBase,UnityEngine.UIElements.DispatchMode)
UnityEditor.UIElements.EditorEventDispatchUtility:DoDispatch (UnityEngine.UIElements.BaseVisualElementPanel,UnityEngine.Event)
UnityEditor.UIElements.DefaultWindowBackend:ProcessEvent (UnityEngine.Event)
UnityEditor.GUIView:ProcessEvent (UnityEngine.EntityId,intptr,bool&)

[C:\build\output\unity\unity\Editor\Src\Animation\StateMachine.cpp line 449]

The legacy Animation Clip "playerStable" cannot be used in the State "playerStable". Legacy AnimationClips are not allowed in Animator Controllers.
UnityEngine.Debug:ExtractStackTraceNoAlloc (byte*,int,string)
UnityEngine.StackTraceUtility:ExtractStackTrace ()
UnityEditor.Animations.AnimatorState:set_motion (UnityEngine.Motion)
UnityEditor.Animations.AnimatorController:SetStateEffectiveMotion (UnityEditor.Animations.AnimatorState,UnityEngine.Motion,int)
UnityEditor.Graphs.AnimationStateMachine.StateEditor:OnInspectorGUI ()
UnityEditor.UIElements.InspectorElement/<>c__DisplayClass88_0:<CreateInspectorElementUsingIMGUI>b__2 ()
UnityEngine.UIElements.IMGUIContainer:DoOnGUI (UnityEngine.Event,UnityEngine.Matrix4x4,UnityEngine.Rect,bool,UnityEngine.Rect,System.Action,bool)
UnityEngine.UIElements.IMGUIContainer:HandleIMGUIEvent (UnityEngine.Event,UnityEngine.Matrix4x4,UnityEngine.Rect,System.Action,bool)
UnityEngine.UIElements.IMGUIContainer:HandleIMGUIEvent (UnityEngine.Event,System.Action,bool)
UnityEngine.UIElements.IMGUIContainer:HandleIMGUIEvent (UnityEngine.Event,bool)
UnityEngine.UIElements.IMGUIContainer:SendEventToIMGUIRaw (UnityEngine.UIElements.EventBase,bool,bool)
UnityEngine.UIElements.IMGUIContainer:SendEventToIMGUI (UnityEngine.UIElements.EventBase,bool,bool)
UnityEngine.UIElements.IMGUIContainer:HandleEventBubbleUp (UnityEngine.UIElements.EventBase)
UnityEngine.UIElements.EventDispatchUtilities:HandleEventAcrossPropagationPath (UnityEngine.UIElements.EventBase,UnityEngine.UIElements.BaseVisualElementPanel,UnityEngine.UIElements.VisualElement,bool)
UnityEngine.UIElements.EventDispatchUtilities:DispatchToFocusedElementOrPanelRoot (UnityEngine.UIElements.EventBase,UnityEngine.UIElements.BaseVisualElementPanel)
UnityEngine.UIElements.CommandEventBase`1<UnityEngine.UIElements.ExecuteCommandEvent>:Dispatch (UnityEngine.UIElements.BaseVisualElementPanel)
UnityEngine.UIElements.EventDispatcher:ProcessEvent (UnityEngine.UIElements.EventBase,UnityEngine.UIElements.BaseVisualElementPanel)
UnityEngine.UIElements.EventDispatcher:Dispatch (UnityEngine.UIElements.EventBase,UnityEngine.UIElements.BaseVisualElementPanel,UnityEngine.UIElements.DispatchMode)
UnityEngine.UIElements.BaseVisualElementPanel:SendEvent (UnityEngine.UIElements.EventBase,UnityEngine.UIElements.DispatchMode)
UnityEditor.UIElements.EditorEventDispatchUtility:DoDispatch (UnityEngine.UIElements.BaseVisualElementPanel,UnityEngine.Event)
UnityEditor.UIElements.DefaultWindowBackend:ProcessEvent (UnityEngine.Event)
UnityEditor.GUIView:ProcessEvent (UnityEngine.EntityId,intptr,bool&)
UnityEditor.GUIView:Internal_SendEvent (UnityEngine.Event)
UnityEditor.GUIView:SendEvent (UnityEngine.Event)
UnityEditor.ObjectSelector:SendEvent (string,bool)
UnityEditor.ObjectSelector:NotifySelectionChanged (UnityEngine.Object,bool)
UnityEditor.ObjectSelector:NotifySelectionChanged (bool)
UnityEditor.ObjectSelector:ListAreaItemSelectedCallback (bool)
UnityEditor.ObjectListArea:SetSelection (UnityEngine.EntityId[],bool)
UnityEditor.ObjectListArea/LocalGroup:HandleMouseWithoutDragging (UnityEngine.EntityId,int,UnityEngine.Rect)
UnityEditor.ObjectListArea/LocalGroup:DrawItem (UnityEngine.Rect,UnityEditor.FilteredHierarchy/FilterResult,UnityEditor.BuiltinResource,bool)
UnityEditor.ObjectListArea/LocalGroup:DrawInternal (int,int,single)
UnityEditor.ObjectListArea/Group:Draw (single,UnityEngine.Vector2,int&)
UnityEditor.ObjectListArea:HandleListArea ()
UnityEditor.ObjectListArea:OnGUI (UnityEngine.Rect,int)
UnityEditor.ObjectSelector:GridListArea ()
UnityEditor.ObjectSelector:OnObjectGridGUI ()
UnityEditor.ObjectSelector:OnGUIHandler ()
UnityEngine.UIElements.IMGUIContainer:DoOnGUI (UnityEngine.Event,UnityEngine.Matrix4x4,UnityEngine.Rect,bool,UnityEngine.Rect,System.Action,bool)
UnityEngine.UIElements.IMGUIContainer:HandleIMGUIEvent (UnityEngine.Event,UnityEngine.Matrix4x4,UnityEngine.Rect,System.Action,bool)
UnityEngine.UIElements.IMGUIContainer:HandleIMGUIEvent (UnityEngine.Event,System.Action,bool)
UnityEngine.UIElements.IMGUIContainer:HandleIMGUIEvent (UnityEngine.Event,bool)
UnityEngine.UIElements.IMGUIContainer:SendEventToIMGUIRaw (UnityEngine.UIElements.EventBase,bool,bool)
UnityEngine.UIElements.IMGUIContainer:SendEventToIMGUI (UnityEngine.UIElements.EventBase,bool,bool)
UnityEngine.UIElements.IMGUIContainer:HandleEventBubbleUp (UnityEngine.UIElements.EventBase)
UnityEngine.UIElements.EventDispatchUtilities:HandleEventAcrossPropagationPathWithCompatibilityEvent (UnityEngine.UIElements.EventBase,UnityEngine.UIElements.EventBase,UnityEngine.UIElements.BaseVisualElementPanel,UnityEngine.UIElements.VisualElement,bool)
UnityEngine.UIElements.EventDispatchUtilities:DispatchToElementUnderPointerOrPanelRoot (UnityEngine.UIElements.EventBase,UnityEngine.UIElements.BaseVisualElementPanel,int,UnityEngine.Vector2)
UnityEngine.UIElements.EventDispatchUtilities:DispatchToCapturingElementOrElementUnderPointer (UnityEngine.UIElements.EventBase,UnityEngine.UIElements.BaseVisualElementPanel,int,UnityEngine.Vector2)
UnityEngine.UIElements.PointerDownEvent:Dispatch (UnityEngine.UIElements.BaseVisualElementPanel)
UnityEngine.UIElements.EventDispatcher:ProcessEvent (UnityEngine.UIElements.EventBase,UnityEngine.UIElements.BaseVisualElementPanel)
UnityEngine.UIElements.EventDispatcher:Dispatch (UnityEngine.UIElements.EventBase,UnityEngine.UIElements.BaseVisualElementPanel,UnityEngine.UIElements.DispatchMode)
UnityEngine.UIElements.BaseVisualElementPanel:SendEvent (UnityEngine.UIElements.EventBase,UnityEngine.UIElements.DispatchMode)
UnityEditor.UIElements.EditorEventDispatchUtility:DoDispatch (UnityEngine.UIElements.BaseVisualElementPanel,UnityEngine.Event)
UnityEditor.UIElements.DefaultWindowBackend:ProcessEvent (UnityEngine.Event)
UnityEditor.GUIView:ProcessEvent (UnityEngine.EntityId,intptr,bool&)

[C:\build\output\unity\unity\Editor\Src\Animation\StateMachine.cpp line 449]

The legacy Animation Clip "playerStable" cannot be used in the State "playerStable". Legacy AnimationClips are not allowed in Animator Controllers.
UnityEngine.Debug:ExtractStackTraceNoAlloc (byte*,int,string)
UnityEngine.StackTraceUtility:ExtractStackTrace ()
UnityEditor.Animations.AnimatorState:set_motion (UnityEngine.Motion)
UnityEditor.Animations.AnimatorController:SetStateEffectiveMotion (UnityEditor.Animations.AnimatorState,UnityEngine.Motion,int)
UnityEditor.Graphs.AnimationStateMachine.StateEditor:OnInspectorGUI ()
UnityEditor.UIElements.InspectorElement/<>c__DisplayClass88_0:<CreateInspectorElementUsingIMGUI>b__2 ()
UnityEngine.UIElements.IMGUIContainer:DoOnGUI (UnityEngine.Event,UnityEngine.Matrix4x4,UnityEngine.Rect,bool,UnityEngine.Rect,System.Action,bool)
UnityEngine.UIElements.IMGUIContainer:HandleIMGUIEvent (UnityEngine.Event,UnityEngine.Matrix4x4,UnityEngine.Rect,System.Action,bool)
UnityEngine.UIElements.IMGUIContainer:HandleIMGUIEvent (UnityEngine.Event,System.Action,bool)
UnityEngine.UIElements.IMGUIContainer:HandleIMGUIEvent (UnityEngine.Event,bool)
UnityEngine.UIElements.IMGUIContainer:SendEventToIMGUIRaw (UnityEngine.UIElements.EventBase,bool,bool)
UnityEngine.UIElements.IMGUIContainer:SendEventToIMGUI (UnityEngine.UIElements.EventBase,bool,bool)
UnityEngine.UIElements.IMGUIContainer:HandleEventBubbleUp (UnityEngine.UIElements.EventBase)
UnityEngine.UIElements.EventDispatchUtilities:HandleEventAcrossPropagationPath (UnityEngine.UIElements.EventBase,UnityEngine.UIElements.BaseVisualElementPanel,UnityEngine.UIElements.VisualElement,bool)
UnityEngine.UIElements.EventDispatchUtilities:DispatchToElementUnderPointerOrPanelRoot (UnityEngine.UIElements.EventBase,UnityEngine.UIElements.BaseVisualElementPanel,int,UnityEngine.Vector2)
UnityEngine.UIElements.EventDispatchUtilities:DispatchToCapturingElementOrElementUnderPointer (UnityEngine.UIElements.EventBase,UnityEngine.UIElements.BaseVisualElementPanel,int,UnityEngine.Vector2)
UnityEngine.UIElements.MouseEventBase`1<UnityEngine.UIElements.DragPerformEvent>:Dispatch (UnityEngine.UIElements.BaseVisualElementPanel)
UnityEngine.UIElements.EventDispatcher:ProcessEvent (UnityEngine.UIElements.EventBase,UnityEngine.UIElements.BaseVisualElementPanel)
UnityEngine.UIElements.EventDispatcher:Dispatch (UnityEngine.UIElements.EventBase,UnityEngine.UIElements.BaseVisualElementPanel,UnityEngine.UIElements.DispatchMode)
UnityEngine.UIElements.BaseVisualElementPanel:SendEvent (UnityEngine.UIElements.EventBase,UnityEngine.UIElements.DispatchMode)
UnityEditor.UIElements.EditorEventDispatchUtility:DoDispatch (UnityEngine.UIElements.BaseVisualElementPanel,UnityEngine.Event)
UnityEditor.UIElements.DefaultWindowBackend:ProcessEvent (UnityEngine.Event)
UnityEditor.GUIView:ProcessEvent (UnityEngine.EntityId,intptr,bool&)

[C:\build\output\unity\unity\Editor\Src\Animation\StateMachine.cpp line 449]

The legacy Animation Clip "playerStable" cannot be used in the State "playerStable". Legacy AnimationClips are not allowed in Animator Controllers.
UnityEngine.Debug:ExtractStackTraceNoAlloc (byte*,int,string)
UnityEngine.StackTraceUtility:ExtractStackTrace ()
UnityEditor.Animations.AnimatorState:set_motion (UnityEngine.Motion)
UnityEditor.Animations.AnimatorController:SetStateEffectiveMotion (UnityEditor.Animations.AnimatorState,UnityEngine.Motion,int)
UnityEditor.Graphs.AnimationStateMachine.StateEditor:OnInspectorGUI ()
UnityEditor.UIElements.InspectorElement/<>c__DisplayClass88_0:<CreateInspectorElementUsingIMGUI>b__2 ()
UnityEngine.UIElements.IMGUIContainer:DoOnGUI (UnityEngine.Event,UnityEngine.Matrix4x4,UnityEngine.Rect,bool,UnityEngine.Rect,System.Action,bool)
UnityEngine.UIElements.IMGUIContainer:HandleIMGUIEvent (UnityEngine.Event,UnityEngine.Matrix4x4,UnityEngine.Rect,System.Action,bool)
UnityEngine.UIElements.IMGUIContainer:HandleIMGUIEvent (UnityEngine.Event,System.Action,bool)
UnityEngine.UIElements.IMGUIContainer:HandleIMGUIEvent (UnityEngine.Event,bool)
UnityEngine.UIElements.IMGUIContainer:SendEventToIMGUIRaw (UnityEngine.UIElements.EventBase,bool,bool)
UnityEngine.UIElements.IMGUIContainer:SendEventToIMGUI (UnityEngine.UIElements.EventBase,bool,bool)
UnityEngine.UIElements.IMGUIContainer:HandleEventBubbleUp (UnityEngine.UIElements.EventBase)
UnityEngine.UIElements.EventDispatchUtilities:HandleEventAcrossPropagationPath (UnityEngine.UIElements.EventBase,UnityEngine.UIElements.BaseVisualElementPanel,UnityEngine.UIElements.VisualElement,bool)
UnityEngine.UIElements.EventDispatchUtilities:DispatchToElementUnderPointerOrPanelRoot (UnityEngine.UIElements.EventBase,UnityEngine.UIElements.BaseVisualElementPanel,int,UnityEngine.Vector2)
UnityEngine.UIElements.EventDispatchUtilities:DispatchToCapturingElementOrElementUnderPointer (UnityEngine.UIElements.EventBase,UnityEngine.UIElements.BaseVisualElementPanel,int,UnityEngine.Vector2)
UnityEngine.UIElements.MouseEventBase`1<UnityEngine.UIElements.DragPerformEvent>:Dispatch (UnityEngine.UIElements.BaseVisualElementPanel)
UnityEngine.UIElements.EventDispatcher:ProcessEvent (UnityEngine.UIElements.EventBase,UnityEngine.UIElements.BaseVisualElementPanel)
UnityEngine.UIElements.EventDispatcher:Dispatch (UnityEngine.UIElements.EventBase,UnityEngine.UIElements.BaseVisualElementPanel,UnityEngine.UIElements.DispatchMode)
UnityEngine.UIElements.BaseVisualElementPanel:SendEvent (UnityEngine.UIElements.EventBase,UnityEngine.UIElements.DispatchMode)
UnityEditor.UIElements.EditorEventDispatchUtility:DoDispatch (UnityEngine.UIElements.BaseVisualElementPanel,UnityEngine.Event)
UnityEditor.UIElements.DefaultWindowBackend:ProcessEvent (UnityEngine.Event)
UnityEditor.GUIView:ProcessEvent (UnityEngine.EntityId,intptr,bool&)

[C:\build\output\unity\unity\Editor\Src\Animation\StateMachine.cpp line 449]

The legacy Animation Clip "playerStable" cannot be used in the State "playerStable". Legacy AnimationClips are not allowed in Animator Controllers.
UnityEngine.Debug:ExtractStackTraceNoAlloc (byte*,int,string)
UnityEngine.StackTraceUtility:ExtractStackTrace ()
UnityEditor.Animations.AnimatorState:set_motion (UnityEngine.Motion)
UnityEditor.Animations.AnimatorController:SetStateEffectiveMotion (UnityEditor.Animations.AnimatorState,UnityEngine.Motion,int)
UnityEditor.Graphs.AnimationStateMachine.StateEditor:OnInspectorGUI ()
UnityEditor.UIElements.InspectorElement/<>c__DisplayClass88_0:<CreateInspectorElementUsingIMGUI>b__2 ()
UnityEngine.UIElements.IMGUIContainer:DoOnGUI (UnityEngine.Event,UnityEngine.Matrix4x4,UnityEngine.Rect,bool,UnityEngine.Rect,System.Action,bool)
UnityEngine.UIElements.IMGUIContainer:HandleIMGUIEvent (UnityEngine.Event,UnityEngine.Matrix4x4,UnityEngine.Rect,System.Action,bool)
UnityEngine.UIElements.IMGUIContainer:HandleIMGUIEvent (UnityEngine.Event,System.Action,bool)
UnityEngine.UIElements.IMGUIContainer:HandleIMGUIEvent (UnityEngine.Event,bool)
UnityEngine.UIElements.IMGUIContainer:SendEventToIMGUIRaw (UnityEngine.UIElements.EventBase,bool,bool)
UnityEngine.UIElements.IMGUIContainer:SendEventToIMGUI (UnityEngine.UIElements.EventBase,bool,bool)
UnityEngine.UIElements.IMGUIContainer:HandleEventBubbleUp (UnityEngine.UIElements.EventBase)
UnityEngine.UIElements.EventDispatchUtilities:HandleEventAcrossPropagationPath (UnityEngine.UIElements.EventBase,UnityEngine.UIElements.BaseVisualElementPanel,UnityEngine.UIElements.VisualElement,bool)
UnityEngine.UIElements.EventDispatchUtilities:DispatchToElementUnderPointerOrPanelRoot (UnityEngine.UIElements.EventBase,UnityEngine.UIElements.BaseVisualElementPanel,int,UnityEngine.Vector2)
UnityEngine.UIElements.EventDispatchUtilities:DispatchToCapturingElementOrElementUnderPointer (UnityEngine.UIElements.EventBase,UnityEngine.UIElements.BaseVisualElementPanel,int,UnityEngine.Vector2)
UnityEngine.UIElements.MouseEventBase`1<UnityEngine.UIElements.DragPerformEvent>:Dispatch (UnityEngine.UIElements.BaseVisualElementPanel)
UnityEngine.UIElements.EventDispatcher:ProcessEvent (UnityEngine.UIElements.EventBase,UnityEngine.UIElements.BaseVisualElementPanel)
UnityEngine.UIElements.EventDispatcher:Dispatch (UnityEngine.UIElements.EventBase,UnityEngine.UIElements.BaseVisualElementPanel,UnityEngine.UIElements.DispatchMode)
UnityEngine.UIElements.BaseVisualElementPanel:SendEvent (UnityEngine.UIElements.EventBase,UnityEngine.UIElements.DispatchMode)
UnityEditor.UIElements.EditorEventDispatchUtility:DoDispatch (UnityEngine.UIElements.BaseVisualElementPanel,UnityEngine.Event)
UnityEditor.UIElements.DefaultWindowBackend:ProcessEvent (UnityEngine.Event)
UnityEditor.GUIView:ProcessEvent (UnityEngine.EntityId,intptr,bool&)

[C:\build\output\unity\unity\Editor\Src\Animation\StateMachine.cpp line 449]

The legacy Animation Clip "playerStable" cannot be used in the State "playerStable". Legacy AnimationClips are not allowed in Animator Controllers.
UnityEngine.Debug:ExtractStackTraceNoAlloc (byte*,int,string)
UnityEngine.StackTraceUtility:ExtractStackTrace ()
UnityEditor.Animations.AnimatorState:set_motion (UnityEngine.Motion)
UnityEditor.Animations.AnimatorController:SetStateEffectiveMotion (UnityEditor.Animations.AnimatorState,UnityEngine.Motion,int)
UnityEditor.Graphs.AnimationStateMachine.StateEditor:OnInspectorGUI ()
UnityEditor.UIElements.InspectorElement/<>c__DisplayClass88_0:<CreateInspectorElementUsingIMGUI>b__2 ()
UnityEngine.UIElements.IMGUIContainer:DoOnGUI (UnityEngine.Event,UnityEngine.Matrix4x4,UnityEngine.Rect,bool,UnityEngine.Rect,System.Action,bool)
UnityEngine.UIElements.IMGUIContainer:HandleIMGUIEvent (UnityEngine.Event,UnityEngine.Matrix4x4,UnityEngine.Rect,System.Action,bool)
UnityEngine.UIElements.IMGUIContainer:HandleIMGUIEvent (UnityEngine.Event,System.Action,bool)
UnityEngine.UIElements.IMGUIContainer:HandleIMGUIEvent (UnityEngine.Event,bool)
UnityEngine.UIElements.IMGUIContainer:SendEventToIMGUIRaw (UnityEngine.UIElements.EventBase,bool,bool)
UnityEngine.UIElements.IMGUIContainer:SendEventToIMGUI (UnityEngine.UIElements.EventBase,bool,bool)
UnityEngine.UIElements.IMGUIContainer:HandleEventBubbleUp (UnityEngine.UIElements.EventBase)
UnityEngine.UIElements.EventDispatchUtilities:HandleEventAcrossPropagationPath (UnityEngine.UIElements.EventBase,UnityEngine.UIElements.BaseVisualElementPanel,UnityEngine.UIElements.VisualElement,bool)
UnityEngine.UIElements.EventDispatchUtilities:DispatchToFocusedElementOrPanelRoot (UnityEngine.UIElements.EventBase,UnityEngine.UIElements.BaseVisualElementPanel)
UnityEngine.UIElements.CommandEventBase`1<UnityEngine.UIElements.ExecuteCommandEvent>:Dispatch (UnityEngine.UIElements.BaseVisualElementPanel)
UnityEngine.UIElements.EventDispatcher:ProcessEvent (UnityEngine.UIElements.EventBase,UnityEngine.UIElements.BaseVisualElementPanel)
UnityEngine.UIElements.EventDispatcher:Dispatch (UnityEngine.UIElements.EventBase,UnityEngine.UIElements.BaseVisualElementPanel,UnityEngine.UIElements.DispatchMode)
UnityEngine.UIElements.BaseVisualElementPanel:SendEvent (UnityEngine.UIElements.EventBase,UnityEngine.UIElements.DispatchMode)
UnityEditor.UIElements.EditorEventDispatchUtility:DoDispatch (UnityEngine.UIElements.BaseVisualElementPanel,UnityEngine.Event)
UnityEditor.UIElements.DefaultWindowBackend:ProcessEvent (UnityEngine.Event)
UnityEditor.GUIView:ProcessEvent (UnityEngine.EntityId,intptr,bool&)
UnityEditor.GUIView:Internal_SendEvent (UnityEngine.Event)
UnityEditor.GUIView:SendEvent (UnityEngine.Event)
UnityEditor.ObjectSelector:SendEvent (string,bool)
UnityEditor.ObjectSelector:NotifySelectionChanged (UnityEngine.Object,bool)
UnityEditor.ObjectSelector:NotifySelectionChanged (bool)
UnityEditor.ObjectSelector:ListAreaItemSelectedCallback (bool)
UnityEditor.ObjectListArea:SetSelection (UnityEngine.EntityId[],bool)
UnityEditor.ObjectListArea/LocalGroup:HandleMouseWithoutDragging (UnityEngine.EntityId,int,UnityEngine.Rect)
UnityEditor.ObjectListArea/LocalGroup:DrawItem (UnityEngine.Rect,UnityEditor.FilteredHierarchy/FilterResult,UnityEditor.BuiltinResource,bool)
UnityEditor.ObjectListArea/LocalGroup:DrawInternal (int,int,single)
UnityEditor.ObjectListArea/Group:Draw (single,UnityEngine.Vector2,int&)
UnityEditor.ObjectListArea:HandleListArea ()
UnityEditor.ObjectListArea:OnGUI (UnityEngine.Rect,int)
UnityEditor.ObjectSelector:GridListArea ()
UnityEditor.ObjectSelector:OnObjectGridGUI ()
UnityEditor.ObjectSelector:OnGUIHandler ()
UnityEngine.UIElements.IMGUIContainer:DoOnGUI (UnityEngine.Event,UnityEngine.Matrix4x4,UnityEngine.Rect,bool,UnityEngine.Rect,System.Action,bool)
UnityEngine.UIElements.IMGUIContainer:HandleIMGUIEvent (UnityEngine.Event,UnityEngine.Matrix4x4,UnityEngine.Rect,System.Action,bool)
UnityEngine.UIElements.IMGUIContainer:HandleIMGUIEvent (UnityEngine.Event,System.Action,bool)
UnityEngine.UIElements.IMGUIContainer:HandleIMGUIEvent (UnityEngine.Event,bool)
UnityEngine.UIElements.IMGUIContainer:SendEventToIMGUIRaw (UnityEngine.UIElements.EventBase,bool,bool)
UnityEngine.UIElements.IMGUIContainer:SendEventToIMGUI (UnityEngine.UIElements.EventBase,bool,bool)
UnityEngine.UIElements.IMGUIContainer:HandleEventBubbleUp (UnityEngine.UIElements.EventBase)
UnityEngine.UIElements.EventDispatchUtilities:HandleEventAcrossPropagationPathWithCompatibilityEvent (UnityEngine.UIElements.EventBase,UnityEngine.UIElements.EventBase,UnityEngine.UIElements.BaseVisualElementPanel,UnityEngine.UIElements.VisualElement,bool)
UnityEngine.UIElements.EventDispatchUtilities:DispatchToElementUnderPointerOrPanelRoot (UnityEngine.UIElements.EventBase,UnityEngine.UIElements.BaseVisualElementPanel,int,UnityEngine.Vector2)
UnityEngine.UIElements.EventDispatchUtilities:DispatchToCapturingElementOrElementUnderPointer (UnityEngine.UIElements.EventBase,UnityEngine.UIElements.BaseVisualElementPanel,int,UnityEngine.Vector2)
UnityEngine.UIElements.PointerDownEvent:Dispatch (UnityEngine.UIElements.BaseVisualElementPanel)
UnityEngine.UIElements.EventDispatcher:ProcessEvent (UnityEngine.UIElements.EventBase,UnityEngine.UIElements.BaseVisualElementPanel)
UnityEngine.UIElements.EventDispatcher:Dispatch (UnityEngine.UIElements.EventBase,UnityEngine.UIElements.BaseVisualElementPanel,UnityEngine.UIElements.DispatchMode)
UnityEngine.UIElements.BaseVisualElementPanel:SendEvent (UnityEngine.UIElements.EventBase,UnityEngine.UIElements.DispatchMode)
UnityEditor.UIElements.EditorEventDispatchUtility:DoDispatch (UnityEngine.UIElements.BaseVisualElementPanel,UnityEngine.Event)
UnityEditor.UIElements.DefaultWindowBackend:ProcessEvent (UnityEngine.Event)
UnityEditor.GUIView:ProcessEvent (UnityEngine.EntityId,intptr,bool&)

[C:\build\output\unity\unity\Editor\Src\Animation\StateMachine.cpp line 449]

The legacy Animation Clip "playerStable" cannot be used in the State "playerStable". Legacy AnimationClips are not allowed in Animator Controllers.
UnityEngine.Debug:ExtractStackTraceNoAlloc (byte*,int,string)
UnityEngine.StackTraceUtility:ExtractStackTrace ()
UnityEditor.Animations.AnimatorState:set_motion (UnityEngine.Motion)
UnityEditor.Animations.AnimatorController:SetStateEffectiveMotion (UnityEditor.Animations.AnimatorState,UnityEngine.Motion,int)
UnityEditor.Graphs.AnimationStateMachine.StateEditor:OnInspectorGUI ()
UnityEditor.UIElements.InspectorElement/<>c__DisplayClass88_0:<CreateInspectorElementUsingIMGUI>b__2 ()
UnityEngine.UIElements.IMGUIContainer:DoOnGUI (UnityEngine.Event,UnityEngine.Matrix4x4,UnityEngine.Rect,bool,UnityEngine.Rect,System.Action,bool)
UnityEngine.UIElements.IMGUIContainer:HandleIMGUIEvent (UnityEngine.Event,UnityEngine.Matrix4x4,UnityEngine.Rect,System.Action,bool)
UnityEngine.UIElements.IMGUIContainer:HandleIMGUIEvent (UnityEngine.Event,System.Action,bool)
UnityEngine.UIElements.IMGUIContainer:HandleIMGUIEvent (UnityEngine.Event,bool)
UnityEngine.UIElements.IMGUIContainer:SendEventToIMGUIRaw (UnityEngine.UIElements.EventBase,bool,bool)
UnityEngine.UIElements.IMGUIContainer:SendEventToIMGUI (UnityEngine.UIElements.EventBase,bool,bool)
UnityEngine.UIElements.IMGUIContainer:HandleEventBubbleUp (UnityEngine.UIElements.EventBase)
UnityEngine.UIElements.EventDispatchUtilities:HandleEventAcrossPropagationPath (UnityEngine.UIElements.EventBase,UnityEngine.UIElements.BaseVisualElementPanel,UnityEngine.UIElements.VisualElement,bool)
UnityEngine.UIElements.EventDispatchUtilities:DispatchToFocusedElementOrPanelRoot (UnityEngine.UIElements.EventBase,UnityEngine.UIElements.BaseVisualElementPanel)
UnityEngine.UIElements.CommandEventBase`1<UnityEngine.UIElements.ExecuteCommandEvent>:Dispatch (UnityEngine.UIElements.BaseVisualElementPanel)
UnityEngine.UIElements.EventDispatcher:ProcessEvent (UnityEngine.UIElements.EventBase,UnityEngine.UIElements.BaseVisualElementPanel)
UnityEngine.UIElements.EventDispatcher:Dispatch (UnityEngine.UIElements.EventBase,UnityEngine.UIElements.BaseVisualElementPanel,UnityEngine.UIElements.DispatchMode)
UnityEngine.UIElements.BaseVisualElementPanel:SendEvent (UnityEngine.UIElements.EventBase,UnityEngine.UIElements.DispatchMode)
UnityEditor.UIElements.EditorEventDispatchUtility:DoDispatch (UnityEngine.UIElements.BaseVisualElementPanel,UnityEngine.Event)
UnityEditor.UIElements.DefaultWindowBackend:ProcessEvent (UnityEngine.Event)
UnityEditor.GUIView:ProcessEvent (UnityEngine.EntityId,intptr,bool&)
UnityEditor.GUIView:Internal_SendEvent (UnityEngine.Event)
UnityEditor.GUIView:SendEvent (UnityEngine.Event)
UnityEditor.ObjectSelector:SendEvent (string,bool)
UnityEditor.ObjectSelector:NotifySelectionChanged (UnityEngine.Object,bool)
UnityEditor.ObjectSelector:NotifySelectionChanged (bool)
UnityEditor.ObjectSelector:ListAreaItemSelectedCallback (bool)
UnityEditor.ObjectListArea:SetSelection (UnityEngine.EntityId[],bool)
UnityEditor.ObjectListArea/LocalGroup:HandleMouseWithoutDragging (UnityEngine.EntityId,int,UnityEngine.Rect)
UnityEditor.ObjectListArea/LocalGroup:DrawItem (UnityEngine.Rect,UnityEditor.FilteredHierarchy/FilterResult,UnityEditor.BuiltinResource,bool)
UnityEditor.ObjectListArea/LocalGroup:DrawInternal (int,int,single)
UnityEditor.ObjectListArea/Group:Draw (single,UnityEngine.Vector2,int&)
UnityEditor.ObjectListArea:HandleListArea ()
UnityEditor.ObjectListArea:OnGUI (UnityEngine.Rect,int)
UnityEditor.ObjectSelector:GridListArea ()
UnityEditor.ObjectSelector:OnObjectGridGUI ()
UnityEditor.ObjectSelector:OnGUIHandler ()
UnityEngine.UIElements.IMGUIContainer:DoOnGUI (UnityEngine.Event,UnityEngine.Matrix4x4,UnityEngine.Rect,bool,UnityEngine.Rect,System.Action,bool)
UnityEngine.UIElements.IMGUIContainer:HandleIMGUIEvent (UnityEngine.Event,UnityEngine.Matrix4x4,UnityEngine.Rect,System.Action,bool)
UnityEngine.UIElements.IMGUIContainer:HandleIMGUIEvent (UnityEngine.Event,System.Action,bool)
UnityEngine.UIElements.IMGUIContainer:HandleIMGUIEvent (UnityEngine.Event,bool)
UnityEngine.UIElements.IMGUIContainer:SendEventToIMGUIRaw (UnityEngine.UIElements.EventBase,bool,bool)
UnityEngine.UIElements.IMGUIContainer:SendEventToIMGUI (UnityEngine.UIElements.EventBase,bool,bool)
UnityEngine.UIElements.IMGUIContainer:HandleEventBubbleUp (UnityEngine.UIElements.EventBase)
UnityEngine.UIElements.EventDispatchUtilities:HandleEventAcrossPropagationPathWithCompatibilityEvent (UnityEngine.UIElements.EventBase,UnityEngine.UIElements.EventBase,UnityEngine.UIElements.BaseVisualElementPanel,UnityEngine.UIElements.VisualElement,bool)
UnityEngine.UIElements.EventDispatchUtilities:DispatchToElementUnderPointerOrPanelRoot (UnityEngine.UIElements.EventBase,UnityEngine.UIElements.BaseVisualElementPanel,int,UnityEngine.Vector2)
UnityEngine.UIElements.EventDispatchUtilities:DispatchToCapturingElementOrElementUnderPointer (UnityEngine.UIElements.EventBase,UnityEngine.UIElements.BaseVisualElementPanel,int,UnityEngine.Vector2)
UnityEngine.UIElements.PointerDownEvent:Dispatch (UnityEngine.UIElements.BaseVisualElementPanel)
UnityEngine.UIElements.EventDispatcher:ProcessEvent (UnityEngine.UIElements.EventBase,UnityEngine.UIElements.BaseVisualElementPanel)
UnityEngine.UIElements.EventDispatcher:Dispatch (UnityEngine.UIElements.EventBase,UnityEngine.UIElements.BaseVisualElementPanel,UnityEngine.UIElements.DispatchMode)
UnityEngine.UIElements.BaseVisualElementPanel:SendEvent (UnityEngine.UIElements.EventBase,UnityEngine.UIElements.DispatchMode)
UnityEditor.UIElements.EditorEventDispatchUtility:DoDispatch (UnityEngine.UIElements.BaseVisualElementPanel,UnityEngine.Event)
UnityEditor.UIElements.DefaultWindowBackend:ProcessEvent (UnityEngine.Event)
UnityEditor.GUIView:ProcessEvent (UnityEngine.EntityId,intptr,bool&)

[C:\build\output\unity\unity\Editor\Src\Animation\StateMachine.cpp line 449]

The legacy Animation Clip "playerStable" cannot be used in the State "playerStable". Legacy AnimationClips are not allowed in Animator Controllers.
UnityEngine.Debug:ExtractStackTraceNoAlloc (byte*,int,string)
UnityEngine.StackTraceUtility:ExtractStackTrace ()
UnityEditor.Animations.AnimatorState:set_motion (UnityEngine.Motion)
UnityEditor.Animations.AnimatorController:SetStateEffectiveMotion (UnityEditor.Animations.AnimatorState,UnityEngine.Motion,int)
UnityEditor.Graphs.AnimationStateMachine.StateEditor:OnInspectorGUI ()
UnityEditor.UIElements.InspectorElement/<>c__DisplayClass88_0:<CreateInspectorElementUsingIMGUI>b__2 ()
UnityEngine.UIElements.IMGUIContainer:DoOnGUI (UnityEngine.Event,UnityEngine.Matrix4x4,UnityEngine.Rect,bool,UnityEngine.Rect,System.Action,bool)
UnityEngine.UIElements.IMGUIContainer:HandleIMGUIEvent (UnityEngine.Event,UnityEngine.Matrix4x4,UnityEngine.Rect,System.Action,bool)
UnityEngine.UIElements.IMGUIContainer:HandleIMGUIEvent (UnityEngine.Event,System.Action,bool)
UnityEngine.UIElements.IMGUIContainer:HandleIMGUIEvent (UnityEngine.Event,bool)
UnityEngine.UIElements.IMGUIContainer:SendEventToIMGUIRaw (UnityEngine.UIElements.EventBase,bool,bool)
UnityEngine.UIElements.IMGUIContainer:SendEventToIMGUI (UnityEngine.UIElements.EventBase,bool,bool)
UnityEngine.UIElements.IMGUIContainer:HandleEventBubbleUp (UnityEngine.UIElements.EventBase)
UnityEngine.UIElements.EventDispatchUtilities:HandleEventAcrossPropagationPath (UnityEngine.UIElements.EventBase,UnityEngine.UIElements.BaseVisualElementPanel,UnityEngine.UIElements.VisualElement,bool)
UnityEngine.UIElements.EventDispatchUtilities:DispatchToFocusedElementOrPanelRoot (UnityEngine.UIElements.EventBase,UnityEngine.UIElements.BaseVisualElementPanel)
UnityEngine.UIElements.CommandEventBase`1<UnityEngine.UIElements.ExecuteCommandEvent>:Dispatch (UnityEngine.UIElements.BaseVisualElementPanel)
UnityEngine.UIElements.EventDispatcher:ProcessEvent (UnityEngine.UIElements.EventBase,UnityEngine.UIElements.BaseVisualElementPanel)
UnityEngine.UIElements.EventDispatcher:Dispatch (UnityEngine.UIElements.EventBase,UnityEngine.UIElements.BaseVisualElementPanel,UnityEngine.UIElements.DispatchMode)
UnityEngine.UIElements.BaseVisualElementPanel:SendEvent (UnityEngine.UIElements.EventBase,UnityEngine.UIElements.DispatchMode)
UnityEditor.UIElements.EditorEventDispatchUtility:DoDispatch (UnityEngine.UIElements.BaseVisualElementPanel,UnityEngine.Event)
UnityEditor.UIElements.DefaultWindowBackend:ProcessEvent (UnityEngine.Event)
UnityEditor.GUIView:ProcessEvent (UnityEngine.EntityId,intptr,bool&)
UnityEditor.GUIView:Internal_SendEvent (UnityEngine.Event)
UnityEditor.GUIView:SendEvent (UnityEngine.Event)
UnityEditor.ObjectSelector:SendEvent (string,bool)
UnityEditor.ObjectSelector:NotifySelectionChanged (UnityEngine.Object,bool)
UnityEditor.ObjectSelector:NotifySelectionChanged (bool)
UnityEditor.ObjectSelector:ListAreaItemSelectedCallback (bool)
UnityEditor.ObjectListArea:SetSelection (UnityEngine.EntityId[],bool)
UnityEditor.ObjectListArea/LocalGroup:HandleMouseWithoutDragging (UnityEngine.EntityId,int,UnityEngine.Rect)
UnityEditor.ObjectListArea/LocalGroup:DrawItem (UnityEngine.Rect,UnityEditor.FilteredHierarchy/FilterResult,UnityEditor.BuiltinResource,bool)
UnityEditor.ObjectListArea/LocalGroup:DrawInternal (int,int,single)
UnityEditor.ObjectListArea/Group:Draw (single,UnityEngine.Vector2,int&)
UnityEditor.ObjectListArea:HandleListArea ()
UnityEditor.ObjectListArea:OnGUI (UnityEngine.Rect,int)
UnityEditor.ObjectSelector:GridListArea ()
UnityEditor.ObjectSelector:OnObjectGridGUI ()
UnityEditor.ObjectSelector:OnGUIHandler ()
UnityEngine.UIElements.IMGUIContainer:DoOnGUI (UnityEngine.Event,UnityEngine.Matrix4x4,UnityEngine.Rect,bool,UnityEngine.Rect,System.Action,bool)
UnityEngine.UIElements.IMGUIContainer:HandleIMGUIEvent (UnityEngine.Event,UnityEngine.Matrix4x4,UnityEngine.Rect,System.Action,bool)
UnityEngine.UIElements.IMGUIContainer:HandleIMGUIEvent (UnityEngine.Event,System.Action,bool)
UnityEngine.UIElements.IMGUIContainer:HandleIMGUIEvent (UnityEngine.Event,bool)
UnityEngine.UIElements.IMGUIContainer:SendEventToIMGUIRaw (UnityEngine.UIElements.EventBase,bool,bool)
UnityEngine.UIElements.IMGUIContainer:SendEventToIMGUI (UnityEngine.UIElements.EventBase,bool,bool)
UnityEngine.UIElements.IMGUIContainer:HandleEventBubbleUp (UnityEngine.UIElements.EventBase)
UnityEngine.UIElements.EventDispatchUtilities:HandleEventAcrossPropagationPathWithCompatibilityEvent (UnityEngine.UIElements.EventBase,UnityEngine.UIElements.EventBase,UnityEngine.UIElements.BaseVisualElementPanel,UnityEngine.UIElements.VisualElement,bool)
UnityEngine.UIElements.EventDispatchUtilities:DispatchToElementUnderPointerOrPanelRoot (UnityEngine.UIElements.EventBase,UnityEngine.UIElements.BaseVisualElementPanel,int,UnityEngine.Vector2)
UnityEngine.UIElements.EventDispatchUtilities:DispatchToCapturingElementOrElementUnderPointer (UnityEngine.UIElements.EventBase,UnityEngine.UIElements.BaseVisualElementPanel,int,UnityEngine.Vector2)
UnityEngine.UIElements.PointerDownEvent:Dispatch (UnityEngine.UIElements.BaseVisualElementPanel)
UnityEngine.UIElements.EventDispatcher:ProcessEvent (UnityEngine.UIElements.EventBase,UnityEngine.UIElements.BaseVisualElementPanel)
UnityEngine.UIElements.EventDispatcher:Dispatch (UnityEngine.UIElements.EventBase,UnityEngine.UIElements.BaseVisualElementPanel,UnityEngine.UIElements.DispatchMode)
UnityEngine.UIElements.BaseVisualElementPanel:SendEvent (UnityEngine.UIElements.EventBase,UnityEngine.UIElements.DispatchMode)
UnityEditor.UIElements.EditorEventDispatchUtility:DoDispatch (UnityEngine.UIElements.BaseVisualElementPanel,UnityEngine.Event)
UnityEditor.UIElements.DefaultWindowBackend:ProcessEvent (UnityEngine.Event)
UnityEditor.GUIView:ProcessEvent (UnityEngine.EntityId,intptr,bool&)

[C:\build\output\unity\unity\Editor\Src\Animation\StateMachine.cpp line 449]

The legacy Animation Clip "playerStable" cannot be used in the State "playerStable". Legacy AnimationClips are not allowed in Animator Controllers.
UnityEngine.Debug:ExtractStackTraceNoAlloc (byte*,int,string)
UnityEngine.StackTraceUtility:ExtractStackTrace ()
UnityEditor.Animations.AnimatorState:set_motion (UnityEngine.Motion)
UnityEditor.Animations.AnimatorController:SetStateEffectiveMotion (UnityEditor.Animations.AnimatorState,UnityEngine.Motion,int)
UnityEditor.Graphs.AnimationStateMachine.StateEditor:OnInspectorGUI ()
UnityEditor.UIElements.InspectorElement/<>c__DisplayClass88_0:<CreateInspectorElementUsingIMGUI>b__2 ()
UnityEngine.UIElements.IMGUIContainer:DoOnGUI (UnityEngine.Event,UnityEngine.Matrix4x4,UnityEngine.Rect,bool,UnityEngine.Rect,System.Action,bool)
UnityEngine.UIElements.IMGUIContainer:HandleIMGUIEvent (UnityEngine.Event,UnityEngine.Matrix4x4,UnityEngine.Rect,System.Action,bool)
UnityEngine.UIElements.IMGUIContainer:HandleIMGUIEvent (UnityEngine.Event,System.Action,bool)
UnityEngine.UIElements.IMGUIContainer:HandleIMGUIEvent (UnityEngine.Event,bool)
UnityEngine.UIElements.IMGUIContainer:SendEventToIMGUIRaw (UnityEngine.UIElements.EventBase,bool,bool)
UnityEngine.UIElements.IMGUIContainer:SendEventToIMGUI (UnityEngine.UIElements.EventBase,bool,bool)
UnityEngine.UIElements.IMGUIContainer:HandleEventBubbleUp (UnityEngine.UIElements.EventBase)
UnityEngine.UIElements.EventDispatchUtilities:HandleEventAcrossPropagationPath (UnityEngine.UIElements.EventBase,UnityEngine.UIElements.BaseVisualElementPanel,UnityEngine.UIElements.VisualElement,bool)
UnityEngine.UIElements.EventDispatchUtilities:DispatchToFocusedElementOrPanelRoot (UnityEngine.UIElements.EventBase,UnityEngine.UIElements.BaseVisualElementPanel)
UnityEngine.UIElements.CommandEventBase`1<UnityEngine.UIElements.ExecuteCommandEvent>:Dispatch (UnityEngine.UIElements.BaseVisualElementPanel)
UnityEngine.UIElements.EventDispatcher:ProcessEvent (UnityEngine.UIElements.EventBase,UnityEngine.UIElements.BaseVisualElementPanel)
UnityEngine.UIElements.EventDispatcher:Dispatch (UnityEngine.UIElements.EventBase,UnityEngine.UIElements.BaseVisualElementPanel,UnityEngine.UIElements.DispatchMode)
UnityEngine.UIElements.BaseVisualElementPanel:SendEvent (UnityEngine.UIElements.EventBase,UnityEngine.UIElements.DispatchMode)
UnityEditor.UIElements.EditorEventDispatchUtility:DoDispatch (UnityEngine.UIElements.BaseVisualElementPanel,UnityEngine.Event)
UnityEditor.UIElements.DefaultWindowBackend:ProcessEvent (UnityEngine.Event)
UnityEditor.GUIView:ProcessEvent (UnityEngine.EntityId,intptr,bool&)
UnityEditor.GUIView:Internal_SendEvent (UnityEngine.Event)
UnityEditor.GUIView:SendEvent (UnityEngine.Event)
UnityEditor.ObjectSelector:SendEvent (string,bool)
UnityEditor.ObjectSelector:NotifySelectionChanged (UnityEngine.Object,bool)
UnityEditor.ObjectSelector:NotifySelectionChanged (bool)
UnityEditor.ObjectSelector:ListAreaItemSelectedCallback (bool)
UnityEditor.ObjectListArea:SetSelection (UnityEngine.EntityId[],bool)
UnityEditor.ObjectListArea/LocalGroup:HandleMouseWithoutDragging (UnityEngine.EntityId,int,UnityEngine.Rect)
UnityEditor.ObjectListArea/LocalGroup:DrawItem (UnityEngine.Rect,UnityEditor.FilteredHierarchy/FilterResult,UnityEditor.BuiltinResource,bool)
UnityEditor.ObjectListArea/LocalGroup:DrawInternal (int,int,single)
UnityEditor.ObjectListArea/Group:Draw (single,UnityEngine.Vector2,int&)
UnityEditor.ObjectListArea:HandleListArea ()
UnityEditor.ObjectListArea:OnGUI (UnityEngine.Rect,int)
UnityEditor.ObjectSelector:GridListArea ()
UnityEditor.ObjectSelector:OnObjectGridGUI ()
UnityEditor.ObjectSelector:OnGUIHandler ()
UnityEngine.UIElements.IMGUIContainer:DoOnGUI (UnityEngine.Event,UnityEngine.Matrix4x4,UnityEngine.Rect,bool,UnityEngine.Rect,System.Action,bool)
UnityEngine.UIElements.IMGUIContainer:HandleIMGUIEvent (UnityEngine.Event,UnityEngine.Matrix4x4,UnityEngine.Rect,System.Action,bool)
UnityEngine.UIElements.IMGUIContainer:HandleIMGUIEvent (UnityEngine.Event,System.Action,bool)
UnityEngine.UIElements.IMGUIContainer:HandleIMGUIEvent (UnityEngine.Event,bool)
UnityEngine.UIElements.IMGUIContainer:SendEventToIMGUIRaw (UnityEngine.UIElements.EventBase,bool,bool)
UnityEngine.UIElements.IMGUIContainer:SendEventToIMGUI (UnityEngine.UIElements.EventBase,bool,bool)
UnityEngine.UIElements.IMGUIContainer:HandleEventBubbleUp (UnityEngine.UIElements.EventBase)
UnityEngine.UIElements.EventDispatchUtilities:HandleEventAcrossPropagationPathWithCompatibilityEvent (UnityEngine.UIElements.EventBase,UnityEngine.UIElements.EventBase,UnityEngine.UIElements.BaseVisualElementPanel,UnityEngine.UIElements.VisualElement,bool)
UnityEngine.UIElements.EventDispatchUtilities:DispatchToElementUnderPointerOrPanelRoot (UnityEngine.UIElements.EventBase,UnityEngine.UIElements.BaseVisualElementPanel,int,UnityEngine.Vector2)
UnityEngine.UIElements.EventDispatchUtilities:DispatchToCapturingElementOrElementUnderPointer (UnityEngine.UIElements.EventBase,UnityEngine.UIElements.BaseVisualElementPanel,int,UnityEngine.Vector2)
UnityEngine.UIElements.PointerDownEvent:Dispatch (UnityEngine.UIElements.BaseVisualElementPanel)
UnityEngine.UIElements.EventDispatcher:ProcessEvent (UnityEngine.UIElements.EventBase,UnityEngine.UIElements.BaseVisualElementPanel)
UnityEngine.UIElements.EventDispatcher:Dispatch (UnityEngine.UIElements.EventBase,UnityEngine.UIElements.BaseVisualElementPanel,UnityEngine.UIElements.DispatchMode)
UnityEngine.UIElements.BaseVisualElementPanel:SendEvent (UnityEngine.UIElements.EventBase,UnityEngine.UIElements.DispatchMode)
UnityEditor.UIElements.EditorEventDispatchUtility:DoDispatch (UnityEngine.UIElements.BaseVisualElementPanel,UnityEngine.Event)
UnityEditor.UIElements.DefaultWindowBackend:ProcessEvent (UnityEngine.Event)
UnityEditor.GUIView:ProcessEvent (UnityEngine.EntityId,intptr,bool&)

[C:\build\output\unity\unity\Editor\Src\Animation\StateMachine.cpp line 449]

The legacy Animation Clip "playerStable" cannot be used in the State "playerStable". Legacy AnimationClips are not allowed in Animator Controllers.
UnityEngine.Debug:ExtractStackTraceNoAlloc (byte*,int,string)
UnityEngine.StackTraceUtility:ExtractStackTrace ()
UnityEditor.Animations.AnimatorState:set_motion (UnityEngine.Motion)
UnityEditor.Animations.AnimatorController:SetStateEffectiveMotion (UnityEditor.Animations.AnimatorState,UnityEngine.Motion,int)
UnityEditor.Graphs.AnimationStateMachine.StateEditor:OnInspectorGUI ()
UnityEditor.UIElements.InspectorElement/<>c__DisplayClass88_0:<CreateInspectorElementUsingIMGUI>b__2 ()
UnityEngine.UIElements.IMGUIContainer:DoOnGUI (UnityEngine.Event,UnityEngine.Matrix4x4,UnityEngine.Rect,bool,UnityEngine.Rect,System.Action,bool)
UnityEngine.UIElements.IMGUIContainer:HandleIMGUIEvent (UnityEngine.Event,UnityEngine.Matrix4x4,UnityEngine.Rect,System.Action,bool)
UnityEngine.UIElements.IMGUIContainer:HandleIMGUIEvent (UnityEngine.Event,System.Action,bool)
UnityEngine.UIElements.IMGUIContainer:HandleIMGUIEvent (UnityEngine.Event,bool)
UnityEngine.UIElements.IMGUIContainer:SendEventToIMGUIRaw (UnityEngine.UIElements.EventBase,bool,bool)
UnityEngine.UIElements.IMGUIContainer:SendEventToIMGUI (UnityEngine.UIElements.EventBase,bool,bool)
UnityEngine.UIElements.IMGUIContainer:HandleEventBubbleUp (UnityEngine.UIElements.EventBase)
UnityEngine.UIElements.EventDispatchUtilities:HandleEventAcrossPropagationPath (UnityEngine.UIElements.EventBase,UnityEngine.UIElements.BaseVisualElementPanel,UnityEngine.UIElements.VisualElement,bool)
UnityEngine.UIElements.EventDispatchUtilities:DispatchToFocusedElementOrPanelRoot (UnityEngine.UIElements.EventBase,UnityEngine.UIElements.BaseVisualElementPanel)
UnityEngine.UIElements.CommandEventBase`1<UnityEngine.UIElements.ExecuteCommandEvent>:Dispatch (UnityEngine.UIElements.BaseVisualElementPanel)
UnityEngine.UIElements.EventDispatcher:ProcessEvent (UnityEngine.UIElements.EventBase,UnityEngine.UIElements.BaseVisualElementPanel)
UnityEngine.UIElements.EventDispatcher:Dispatch (UnityEngine.UIElements.EventBase,UnityEngine.UIElements.BaseVisualElementPanel,UnityEngine.UIElements.DispatchMode)
UnityEngine.UIElements.BaseVisualElementPanel:SendEvent (UnityEngine.UIElements.EventBase,UnityEngine.UIElements.DispatchMode)
UnityEditor.UIElements.EditorEventDispatchUtility:DoDispatch (UnityEngine.UIElements.BaseVisualElementPanel,UnityEngine.Event)
UnityEditor.UIElements.DefaultWindowBackend:ProcessEvent (UnityEngine.Event)
UnityEditor.GUIView:ProcessEvent (UnityEngine.EntityId,intptr,bool&)
UnityEditor.GUIView:Internal_SendEvent (UnityEngine.Event)
UnityEditor.GUIView:SendEvent (UnityEngine.Event)
UnityEditor.ObjectSelector:SendEvent (string,bool)
UnityEditor.ObjectSelector:NotifySelectionChanged (UnityEngine.Object,bool)
UnityEditor.ObjectSelector:NotifySelectionChanged (bool)
UnityEditor.ObjectSelector:ListAreaItemSelectedCallback (bool)
UnityEditor.ObjectListArea:SetSelection (UnityEngine.EntityId[],bool)
UnityEditor.ObjectListArea/LocalGroup:HandleMouseWithoutDragging (UnityEngine.EntityId,int,UnityEngine.Rect)
UnityEditor.ObjectListArea/LocalGroup:DrawItem (UnityEngine.Rect,UnityEditor.FilteredHierarchy/FilterResult,UnityEditor.BuiltinResource,bool)
UnityEditor.ObjectListArea/LocalGroup:DrawInternal (int,int,single)
UnityEditor.ObjectListArea/Group:Draw (single,UnityEngine.Vector2,int&)
UnityEditor.ObjectListArea:HandleListArea ()
UnityEditor.ObjectListArea:OnGUI (UnityEngine.Rect,int)
UnityEditor.ObjectSelector:GridListArea ()
UnityEditor.ObjectSelector:OnObjectGridGUI ()
UnityEditor.ObjectSelector:OnGUIHandler ()
UnityEngine.UIElements.IMGUIContainer:DoOnGUI (UnityEngine.Event,UnityEngine.Matrix4x4,UnityEngine.Rect,bool,UnityEngine.Rect,System.Action,bool)
UnityEngine.UIElements.IMGUIContainer:HandleIMGUIEvent (UnityEngine.Event,UnityEngine.Matrix4x4,UnityEngine.Rect,System.Action,bool)
UnityEngine.UIElements.IMGUIContainer:HandleIMGUIEvent (UnityEngine.Event,System.Action,bool)
UnityEngine.UIElements.IMGUIContainer:HandleIMGUIEvent (UnityEngine.Event,bool)
UnityEngine.UIElements.IMGUIContainer:SendEventToIMGUIRaw (UnityEngine.UIElements.EventBase,bool,bool)
UnityEngine.UIElements.IMGUIContainer:SendEventToIMGUI (UnityEngine.UIElements.EventBase,bool,bool)
UnityEngine.UIElements.IMGUIContainer:HandleEventBubbleUp (UnityEngine.UIElements.EventBase)
UnityEngine.UIElements.EventDispatchUtilities:HandleEventAcrossPropagationPathWithCompatibilityEvent (UnityEngine.UIElements.EventBase,UnityEngine.UIElements.EventBase,UnityEngine.UIElements.BaseVisualElementPanel,UnityEngine.UIElements.VisualElement,bool)
UnityEngine.UIElements.EventDispatchUtilities:DispatchToElementUnderPointerOrPanelRoot (UnityEngine.UIElements.EventBase,UnityEngine.UIElements.BaseVisualElementPanel,int,UnityEngine.Vector2)
UnityEngine.UIElements.EventDispatchUtilities:DispatchToCapturingElementOrElementUnderPointer (UnityEngine.UIElements.EventBase,UnityEngine.UIElements.BaseVisualElementPanel,int,UnityEngine.Vector2)
UnityEngine.UIElements.PointerDownEvent:Dispatch (UnityEngine.UIElements.BaseVisualElementPanel)
UnityEngine.UIElements.EventDispatcher:ProcessEvent (UnityEngine.UIElements.EventBase,UnityEngine.UIElements.BaseVisualElementPanel)
UnityEngine.UIElements.EventDispatcher:Dispatch (UnityEngine.UIElements.EventBase,UnityEngine.UIElements.BaseVisualElementPanel,UnityEngine.UIElements.DispatchMode)
UnityEngine.UIElements.BaseVisualElementPanel:SendEvent (UnityEngine.UIElements.EventBase,UnityEngine.UIElements.DispatchMode)
UnityEditor.UIElements.EditorEventDispatchUtility:DoDispatch (UnityEngine.UIElements.BaseVisualElementPanel,UnityEngine.Event)
UnityEditor.UIElements.DefaultWindowBackend:ProcessEvent (UnityEngine.Event)
UnityEditor.GUIView:ProcessEvent (UnityEngine.EntityId,intptr,bool&)

[C:\build\output\unity\unity\Editor\Src\Animation\StateMachine.cpp line 449]

Asset Pipeline Refresh (id=a3b4e437e337b254a85755e18d1a3e0c): Total: 0.008 seconds - Initiated by RefreshV2(AllowForceSynchronousImport)
Asset Pipeline Refresh (id=184287e8a5e8fc84dac76bc6d0b37e75): Total: 0.006 seconds - Initiated by RefreshV2(AllowForceSynchronousImport)
Asset Pipeline Refresh (id=93741fae2e827274b936e8eb69f23ca6): Total: 0.005 seconds - Initiated by RefreshV2(AllowForceSynchronousImport)
Asset Pipeline Refresh (id=8be24eb52d301e3458bf5a83ffac45a1): Total: 0.005 seconds - Initiated by RefreshV2(AllowForceSynchronousImport)
Asset Pipeline Refresh (id=b106e05804aa77245ab2402bdc0fb653): Total: 0.005 seconds - Initiated by RefreshV2(AllowForceSynchronousImport)
SpriteAtlasPacking completed in 0.006509 sec
Entering Playmode with Reload Domain disabled.
If you experience any issues, please disable "Enter Play Mode Options" in Editor Settings
Loaded scene 'Temp/__Backupscenes/0.backup'
	Deserialize:            0.571 ms
	Integration:            83.029 ms
	Integration of assets:  0.001 ms
	Thread Wait Time:       0.016 ms
	Total Operation Time:   83.617 ms
[Licensing::Client] Successfully resolved entitlement details
NullReferenceException: Object reference not set to an instance of an object
  at UnityEditor.GameView.OnPlayModeStateChanged (UnityEditor.PlayModeStateChange state) [0x00021] in <2194b77af8ea43e69caba13ba778a69a>:0 
  at UnityEditor.EditorApplication.Internal_PlayModeStateChanged (UnityEditor.PlayModeStateChange state) [0x000b3] in <2194b77af8ea43e69caba13ba778a69a>:0 
UnityEngine.StackTraceUtility:ExtractStringFromExceptionInternal(Object, String&, String&)
UnityEditor.EditorApplication:set_isPlaying(Boolean)
UnityEditor.EditorApplication:ExitPlaymode()
Unity.PlayMode.Editor.PlayModeButtons:OnPlayButtonValueChanged(Boolean)
UnityEditor.Toolbars.MainToolbarToggle:ValueChanged(ChangeEvent`1)
UnityEngine.UIElements.EventBase`1:InvokeCallback(Delegate)
UnityEngine.UIElements.EventNoArgValue:Invoke(EventBase, EventCallbackInternal)
UnityEngine.UIElements.DynamicCallbackList:Invoke(EventBase, BaseVisualElementPanel, VisualElement, EventCallbackRegistry)
UnityEngine.UIElements.EventDispatchUtilities:HandleEventAcrossPropagationPath(EventBase, BaseVisualElementPanel, VisualElement, Boolean)
UnityEngine.UIElements.EventDispatchUtilities:DefaultDispatch(EventBase, BaseVisualElementPanel)
UnityEngine.UIElements.EventBase:Dispatch(BaseVisualElementPanel)
UnityEngine.UIElements.EventDispatcher:ProcessEvent(EventBase, BaseVisualElementPanel)
UnityEngine.UIElements.EventDispatcher:ProcessEventQueue()
UnityEngine.UIElements.EventDispatcher:OpenGate()
UnityEngine.UIElements.EventDispatcherGate:Dispose()
UnityEngine.UIElements.EventDispatcher:ProcessEvent(EventBase, BaseVisualElementPanel)
UnityEngine.UIElements.EventDispatcher:Dispatch(EventBase, BaseVisualElementPanel, DispatchMode)
UnityEngine.UIElements.BaseVisualElementPanel:SendEvent(EventBase, DispatchMode)
UnityEditor.UIElements.EditorEventDispatchUtility:DoDispatch(BaseVisualElementPanel, Event)
UnityEditor.UIElements.DefaultWindowBackend:ProcessEvent(Event)
UnityEditor.GUIView:ProcessEvent(EntityId, IntPtr, Boolean&)

[Adaptive Performance] Restoring dynamic resolution scale factor to 1.0
UnityEngine.Debug:ExtractStackTraceNoAlloc (byte*,int,string)
UnityEngine.StackTraceUtility:ExtractStackTrace ()
UnityEngine.DebugLogHandler:Internal_Log (UnityEngine.LogType,UnityEngine.LogOption,string,UnityEngine.Object)
UnityEngine.DebugLogHandler:LogFormat (UnityEngine.LogType,UnityEngine.Object,string,object[])
UnityEngine.Logger:LogFormat (UnityEngine.LogType,string,object[])
UnityEngine.Debug:LogFormat (string,object[])
UnityEngine.AdaptivePerformance.APLog:Debug (string,object[])
UnityEngine.AdaptivePerformance.AdaptiveResolution:OnDestroy ()

Unloading 5 Unused Serialized files (Serialized files now loaded: 0)
Loaded scene 'Temp/__Backupscenes/0.backup'
	Deserialize:            0.695 ms
	Integration:            71.160 ms
	Integration of assets:  0.001 ms
	Thread Wait Time:       0.016 ms
	Total Operation Time:   71.872 ms
Unloading 21 unused Assets / (1.1 MB). Loaded Objects now: 10684.
Memory consumption went from 0.95 GB to 0.95 GB.
Total: 92.653100 ms (FindLiveObjects: 1.652700 ms CreateObjectMapping: 0.166500 ms MarkObjects: 90.393500 ms  DeleteObjects: 0.180400 ms)

[Licensing::Client] Successfully resolved entitlement details
SpriteAtlasPacking completed in 0.005960 sec
Entering Playmode with Reload Domain disabled.
If you experience any issues, please disable "Enter Play Mode Options" in Editor Settings
Loaded scene 'Temp/__Backupscenes/0.backup'
	Deserialize:            0.519 ms
	Integration:            72.124 ms
	Integration of assets:  0.001 ms
	Thread Wait Time:       0.011 ms
	Total Operation Time:   72.655 ms
Unloading 7 Unused Serialized files (Serialized files now loaded: 0)
Loaded scene 'Temp/__Backupscenes/0.backup'
	Deserialize:            0.498 ms
	Integration:            64.299 ms
	Integration of assets:  0.001 ms
	Thread Wait Time:       0.011 ms
	Total Operation Time:   64.809 ms
Unloading 2 unused Assets / (0.5 MB). Loaded Objects now: 10679.
Memory consumption went from 0.95 GB to 0.95 GB.
Total: 93.331300 ms (FindLiveObjects: 1.656300 ms CreateObjectMapping: 0.749700 ms MarkObjects: 90.582500 ms  DeleteObjects: 0.085200 ms)

The legacy Animation Clip "playerStable" cannot be used in the State "playerStable 0". Legacy AnimationClips are not allowed in Animator Controllers.
UnityEngine.Debug:ExtractStackTraceNoAlloc (byte*,int,string)
UnityEngine.StackTraceUtility:ExtractStackTrace ()
UnityEditor.Animations.AnimatorState:set_motion (UnityEngine.Motion)
UnityEditor.Animations.AnimatorController:AddMotion (UnityEngine.Motion,int)
UnityEditor.Animations.AnimatorController:AddMotion (UnityEngine.Motion)
UnityEditor.Animations.AnimatorController:AddMotionInternal (UnityEngine.Motion)
UnityEditorInternal.InternalEditorUtility:HierarchyWindowDragByID (UnityEngine.EntityId,UnityEngine.Vector3,UnityEditor.HierarchyDropFlags,bool,UnityEngine.Transform,bool)
UnityEditorInternal.InternalEditorUtility:HierarchyWindowDragByID (UnityEngine.EntityId,UnityEditor.HierarchyDropFlags,UnityEngine.Transform,bool)
System.Reflection.RuntimeMethodInfo:Invoke (object,System.Reflection.BindingFlags,System.Reflection.Binder,object[],System.Globalization.CultureInfo)
System.Reflection.MethodBase:Invoke (object,object[])
System.Delegate:DynamicInvokeImpl (object[])
System.MulticastDelegate:DynamicInvokeImpl (object[])
System.Delegate:DynamicInvoke (object[])
UnityEditor.DragAndDrop:Drop (int,object[])
UnityEditor.DragAndDrop:DropOnHierarchyWindow (UnityEngine.EntityId,UnityEditor.HierarchyDropFlags,UnityEngine.Transform,bool)
Unity.Hierarchy.Editor.HierarchyGameObjectHandler:DoHandleDrop (Unity.Hierarchy.HierarchyViewDragAndDropHandlingData&,bool)
Unity.Hierarchy.Editor.HierarchyGameObjectHandler:Unity.Hierarchy.IHierarchyEditorNodeTypeHandler.OnAcceptDrop (Unity.Hierarchy.HierarchyViewDragAndDropHandlingData modreq(System.Runtime.InteropServices.InAttribute)&)
Unity.Hierarchy.HierarchyViewDragHandler:HandleNodeHandlersOnAcceptDrop (Unity.Hierarchy.HierarchyViewDragHandler/HierarchyViewDragAndDropTargets,int,UnityEngine.UIElements.DragAndDropData,Unity.Hierarchy.HierarchyNode&,bool&)
Unity.Hierarchy.HierarchyViewDragHandler:ExecuteDrop (UnityEngine.UIElements.HandleDragAndDropArgs&,Unity.Hierarchy.HierarchyViewDragHandler/HierarchyViewDragAndDropTargets&,bool&)
Unity.Hierarchy.HierarchyViewDragHandler:HandleDrop (UnityEngine.UIElements.HandleDragAndDropArgs)
UnityEngine.UIElements.HierarchyV2.CollectionView:RaiseDrop (UnityEngine.Vector2,UnityEngine.UIElements.DragAndDropArgs)
UnityEngine.UIElements.HierarchyV2.CollectionViewDragger:OnDrop (UnityEngine.Vector3,UnityEngine.EventModifiers)
UnityEngine.UIElements.DragEventsProcessor:OnDragPerformEvent (UnityEngine.UIElements.DragPerformEvent)
UnityEngine.UIElements.EventBase`1<UnityEngine.UIElements.DragPerformEvent>:InvokeCallback (System.Delegate)
UnityEngine.UIElements.EventNoArgValue:Invoke (UnityEngine.UIElements.EventBase,UnityEngine.UIElements.EventCallbackInternal)
UnityEngine.UIElements.EventCallbackRegistry/DynamicCallbackList:Invoke (UnityEngine.UIElements.EventBase,UnityEngine.UIElements.BaseVisualElementPanel,UnityEngine.UIElements.VisualElement,UnityEngine.UIElements.EventCallbackRegistry)
UnityEngine.UIElements.EventDispatchUtilities:HandleEventAcrossPropagationPath (UnityEngine.UIElements.EventBase,UnityEngine.UIElements.BaseVisualElementPanel,UnityEngine.UIElements.VisualElement,bool)
UnityEngine.UIElements.EventDispatchUtilities:DispatchToElementUnderPointerOrPanelRoot (UnityEngine.UIElements.EventBase,UnityEngine.UIElements.BaseVisualElementPanel,int,UnityEngine.Vector2)
UnityEngine.UIElements.EventDispatchUtilities:DispatchToCapturingElementOrElementUnderPointer (UnityEngine.UIElements.EventBase,UnityEngine.UIElements.BaseVisualElementPanel,int,UnityEngine.Vector2)
UnityEngine.UIElements.MouseEventBase`1<UnityEngine.UIElements.DragPerformEvent>:Dispatch (UnityEngine.UIElements.BaseVisualElementPanel)
UnityEngine.UIElements.EventDispatcher:ProcessEvent (UnityEngine.UIElements.EventBase,UnityEngine.UIElements.BaseVisualElementPanel)
UnityEngine.UIElements.EventDispatcher:Dispatch (UnityEngine.UIElements.EventBase,UnityEngine.UIElements.BaseVisualElementPanel,UnityEngine.UIElements.DispatchMode)
UnityEngine.UIElements.BaseVisualElementPanel:SendEvent (UnityEngine.UIElements.EventBase,UnityEngine.UIElements.DispatchMode)
UnityEditor.UIElements.EditorEventDispatchUtility:DoDispatch (UnityEngine.UIElements.BaseVisualElementPanel,UnityEngine.Event)
UnityEditor.UIElements.DefaultWindowBackend:ProcessEvent (UnityEngine.Event)
UnityEditor.GUIView:ProcessEvent (UnityEngine.EntityId,intptr,bool&)

[C:\build\output\unity\unity\Editor\Src\Animation\StateMachine.cpp line 449]

Importing 'GUID: 9fa8d62d5dc1aa344bd3140036e63c51 - Path: Assets/player_Stable.anim' with importer (NativeFormatImporter)
Imported 'GUID: 9fa8d62d5dc1aa344bd3140036e63c51' -> (Import Result ID: 'ff9932f59a3b714f157a25a755b3985e') in 0.002 seconds [static dependencies only]. Details - ImportResultOutputID=b7d0916a75e5857e32b786349b6f038d DependenciesID=7b22a25c0f80c1b8148d8cc2da779cc7 StaticDependenciesID=ae1d49634c1c1b930e3d10d7263f87c6 
Refreshing native plugins compatible for Editor in 3.32 ms, found 5 plugins.
Asset Pipeline Refresh (id=b96b70c8fd04a374b8517d00dd9984fd): Total: 0.075 seconds - Initiated by StopAssetImportingV2(NoUpdateAssetOptions)
[Worker4] Imported GUID: 9fa8d62d5dc1aa344bd3140036e63c51 - Path: Assets/player_Stable.anim - Importer: ScriptedImporter/UnityEditor.QuickSearchModule:UnityEditor.Search:ASIAI0B -> (ImportResultId: 'b778f2c6f9392f56a032ce7385a2afbe') in 0.0184179 seconds
Importing 'GUID: 00000000000000009000000000000000 - Path: ProjectSettings/QualitySettings.asset' with importer (LibraryAssetImporter)
Imported 'GUID: 00000000000000009000000000000000' -> (Import Result ID: 'ad6ca2034549a8dd6f88c2e2fb528c97') in 0.001 seconds [static dependencies only]. Details - ImportResultOutputID=2a108b3da874f726c62fbe5f12be4a8a DependenciesID=1aedbe56ae62f321fe459982db2fa012 StaticDependenciesID=e9a43e809c5953780a851aff477bfce8 
Importing 'GUID: 5332337ae5ac4fb4d835cb57088dfc8d - Path: Assets/playerStable.anim' with importer (NativeFormatImporter)
Imported 'GUID: 5332337ae5ac4fb4d835cb57088dfc8d' -> (Import Result ID: 'a43817f0df79a1bcfef54196be543861') in 0.001 seconds [static dependencies only]. Details - ImportResultOutputID=5d79e93a998c03febcb48eceb2c1a0b6 DependenciesID=7fd728b3299d6235e58f6c0e4163ccb4 StaticDependenciesID=b56ef96bf496dd42976f4031d6d0136d 
Importing 'GUID: 9fa8d62d5dc1aa344bd3140036e63c51 - Path: Assets/player_Stable.anim' with importer (NativeFormatImporter)
Imported 'GUID: 9fa8d62d5dc1aa344bd3140036e63c51' -> (Import Result ID: '6a3bb3b40faaeaf6e03a47b7e6fde9fa') in 0.001 seconds [static dependencies only]. Details - ImportResultOutputID=b7d0916a75e5857e32b786349b6f038d DependenciesID=6a930ca839507d5db42a64a954a8acd9 StaticDependenciesID=ad3ee3951e8743f53946acbd67440dd7 
Importing 'GUID: 4bd339c60687b9646932918e1edbfcbc - Path: Assets/Player.controller' with importer (NativeFormatImporter)
Imported 'GUID: 4bd339c60687b9646932918e1edbfcbc' -> (Import Result ID: '9ec8e0e5ca8fcdae8a7f47e94b1aa72a') in 0.001 seconds [static dependencies only]. Details - ImportResultOutputID=cb60a74de252c1d38b94c667408a10c7 DependenciesID=8ef32f8154532ad69fe97bde99228705 StaticDependenciesID=c16ca050716165a5c8d2461f4a991495 
Refreshing native plugins compatible for Editor in 2.93 ms, found 5 plugins.
Asset Pipeline Refresh (id=7c3e0874b7866d94cbc0c4b368804b88): Total: 0.053 seconds - Initiated by StopAssetImportingV2(NoUpdateAssetOptions)
Importing 'GUID: 8c9cfa26abfee488c85f1582747f6a02 - Path: Assets/Scenes/SampleScene.unity' with importer (DefaultImporter)
Imported 'GUID: 8c9cfa26abfee488c85f1582747f6a02' -> (Import Result ID: '16221b08a06bb0b8b5a03c9f5bd2c8e5') in 0.001 seconds [static dependencies only]. Details - ImportResultOutputID=024c942fddc2cb857ccb9edff708c760 DependenciesID=4dae5ebf67690351f8b01bd693b5aeb9 StaticDependenciesID=61d192a19dfcf2fba1046d86629099c0 
Refreshing native plugins compatible for Editor in 2.88 ms, found 5 plugins.
Asset Pipeline Refresh (id=307530c0b9c8de542bfac7f985647a24): Total: 0.047 seconds - Initiated by StopAssetImportingV2(NoUpdateAssetOptions)
[Worker4] Imported GUID: 4bd339c60687b9646932918e1edbfcbc - Path: Assets/Player.controller - Importer: ScriptedImporter/UnityEditor.QuickSearchModule:UnityEditor.Search:ASIAI0B -> (ImportResultId: 'd448a69f45dca0ad9db26a30c52096f4') in 0.0186717 seconds
[Worker2] Imported GUID: 8c9cfa26abfee488c85f1582747f6a02 - Path: Assets/Scenes/SampleScene.unity - Importer: ScriptedImporter/UnityEditor.QuickSearchModule:UnityEditor.Search:ASIAI0B -> (ImportResultId: 'c6e15fa19c35ab22b93a287c0447fc87') in 0.0218459 seconds
[Worker4] Imported GUID: 5332337ae5ac4fb4d835cb57088dfc8d - Path: Assets/playerStable.anim - Importer: ScriptedImporter/UnityEditor.QuickSearchModule:UnityEditor.Search:ASIAI0B -> (ImportResultId: 'ed20eb21f98155e3c7ae3b0b48a74fda') in 0.0190115 seconds
[Worker2] Imported GUID: 9fa8d62d5dc1aa344bd3140036e63c51 - Path: Assets/player_Stable.anim - Importer: ScriptedImporter/UnityEditor.QuickSearchModule:UnityEditor.Search:ASIAI0B -> (ImportResultId: '54a2210aabbed35f8309c068d9b25009') in 0.0203382 seconds
SpriteAtlasPacking completed in 0.005627 sec
Entering Playmode with Reload Domain disabled.
If you experience any issues, please disable "Enter Play Mode Options" in Editor Settings
Loaded scene 'Temp/__Backupscenes/0.backup'
	Deserialize:            0.717 ms
	Integration:            82.840 ms
	Integration of assets:  0.001 ms
	Thread Wait Time:       0.012 ms
	Total Operation Time:   83.570 ms
[Worker4] Imported GUID: 9fa8d62d5dc1aa344bd3140036e63c51 - Path: Assets/player_Stable.anim - Importer: PreviewImporter -> (ImportResultId: 'd48fe74bcb99e70adecf957555814025') in 0.0160293 seconds
Unloading 34 Unused Serialized files (Serialized files now loaded: 0)
Loaded scene 'Temp/__Backupscenes/0.backup'
	Deserialize:            0.460 ms
	Integration:            77.896 ms
	Integration of assets:  0.001 ms
	Thread Wait Time:       0.010 ms
	Total Operation Time:   78.368 ms
Unloading 177 unused Assets / (0.9 MB). Loaded Objects now: 10746.
Memory consumption went from 0.96 GB to 0.96 GB.
Total: 90.826100 ms (FindLiveObjects: 1.874300 ms CreateObjectMapping: 0.179100 ms MarkObjects: 88.075700 ms  DeleteObjects: 0.410600 ms)

[Licensing::Client] Successfully resolved entitlement details
[Worker4] Imported GUID: 5332337ae5ac4fb4d835cb57088dfc8d - Path: Assets/playerStable.anim - Importer: PreviewImporter -> (ImportResultId: '21915ffce367f45a28aa617b96dbf84c') in 0.0151395 seconds
[LAYOUT] About to load C:/Users/infon/AppData/Roaming/Unity/Editor-5.x/Preferences\Layouts\default\2 by 3.wlt, keepMainWindow=True
[LAYOUT] About to save layout C:\Users\infon\game\UserSettings\Layouts\default-6000.dwlt
[LAYOUT] About to save layout C:/Users/infon/AppData/Roaming/Unity/Editor-5.x/Preferences\Layouts\current\default-6000.dwlt
SpriteAtlasPacking completed in 0.006805 sec
Entering Playmode with Reload Domain disabled.
If you experience any issues, please disable "Enter Play Mode Options" in Editor Settings
Loaded scene 'Temp/__Backupscenes/0.backup'
	Deserialize:            0.557 ms
	Integration:            82.585 ms
	Integration of assets:  0.001 ms
	Thread Wait Time:       0.011 ms
	Total Operation Time:   83.154 ms
Unloading 8 Unused Serialized files (Serialized files now loaded: 0)
Loaded scene 'Temp/__Backupscenes/0.backup'
	Deserialize:            0.487 ms
	Integration:            73.330 ms
	Integration of assets:  0.001 ms
	Thread Wait Time:       0.012 ms
	Total Operation Time:   73.830 ms
Unloading 4 unused Assets / (0.9 MB). Loaded Objects now: 10724.
Memory consumption went from 0.95 GB to 0.95 GB.
Total: 94.170300 ms (FindLiveObjects: 1.725800 ms CreateObjectMapping: 0.170100 ms MarkObjects: 91.929400 ms  DeleteObjects: 0.082200 ms)

[Licensing::Client] Successfully resolved entitlement details
Asset Pipeline Refresh (id=d874c8f1516e07b4ab22ae43ebe9bc4a): Total: 0.021 seconds - Initiated by RefreshV2(AllowForceSynchronousImport)
Refreshing native plugins compatible for Editor in 3.27 ms, found 5 plugins.
Asset Pipeline Refresh (id=1d0ba65cd9cebe344acadbee85bb5871): Total: 0.067 seconds - Initiated by StopAssetImportingV2(NoUpdateAssetOptions)
Asset Pipeline Refresh (id=88f90485686ba8a4a8f95ba4118d8337): Total: 0.018 seconds - Initiated by RefreshV2(ForceSynchronousImport)
Asset Pipeline Refresh (id=fc8aacb88200b234887a45eb4c14852c): Total: 0.005 seconds - Initiated by RefreshV2(AllowForceSynchronousImport)
SpriteAtlasPacking completed in 0.006097 sec
Entering Playmode with Reload Domain disabled.
If you experience any issues, please disable "Enter Play Mode Options" in Editor Settings
Loaded scene 'Temp/__Backupscenes/0.backup'
	Deserialize:            0.534 ms
	Integration:            86.471 ms
	Integration of assets:  0.001 ms
	Thread Wait Time:       0.015 ms
	Total Operation Time:   87.021 ms
Unloading 2 Unused Serialized files (Serialized files now loaded: 1)
Loaded scene 'Temp/__Backupscenes/0.backup'
	Deserialize:            0.478 ms
	Integration:            71.504 ms
	Integration of assets:  0.001 ms
	Thread Wait Time:       0.011 ms
	Total Operation Time:   71.994 ms
Unloading 17 unused Assets / (0.5 MB). Loaded Objects now: 10740.
Memory consumption went from 0.95 GB to 0.95 GB.
Total: 96.735800 ms (FindLiveObjects: 1.732700 ms CreateObjectMapping: 0.177800 ms MarkObjects: 94.452300 ms  DeleteObjects: 0.102300 ms)

[Licensing::Client] Successfully resolved entitlement details
[Worker4] Imported GUID: 4bd339c60687b9646932918e1edbfcbc - Path: Assets/Player.controller - Importer: PreviewImporter -> (ImportResultId: '517d7c9b169b3a76c4a8618a4589a8a1') in 0.0198732 seconds
SpriteAtlasPacking completed in 0.005830 sec
Entering Playmode with Reload Domain disabled.
If you experience any issues, please disable "Enter Play Mode Options" in Editor Settings
Loaded scene 'Temp/__Backupscenes/0.backup'
	Deserialize:            0.513 ms
	Integration:            75.473 ms
	Integration of assets:  0.003 ms
	Thread Wait Time:       0.012 ms
	Total Operation Time:   76.001 ms
Unloading 1 Unused Serialized files (Serialized files now loaded: 1)
Loaded scene 'Temp/__Backupscenes/0.backup'
	Deserialize:            0.493 ms
	Integration:            69.907 ms
	Integration of assets:  0.002 ms
	Thread Wait Time:       0.008 ms
	Total Operation Time:   70.410 ms
Unloading 0 unused Assets / (439.0 KB). Loaded Objects now: 10740.
Memory consumption went from 0.95 GB to 0.95 GB.
Total: 94.992900 ms (FindLiveObjects: 1.686700 ms CreateObjectMapping: 0.173000 ms MarkObjects: 92.798200 ms  DeleteObjects: 0.028400 ms)

[LAYOUT] About to load C:/Users/infon/AppData/Roaming/Unity/Editor-5.x/Preferences\Layouts\default\Default.wlt, keepMainWindow=True
[LAYOUT] About to save layout C:\Users\infon\game\UserSettings\Layouts\default-6000.dwlt
[LAYOUT] About to save layout C:/Users/infon/AppData/Roaming/Unity/Editor-5.x/Preferences\Layouts\current\default-6000.dwlt
SpriteAtlasPacking completed in 0.006059 sec
Entering Playmode with Reload Domain disabled.
If you experience any issues, please disable "Enter Play Mode Options" in Editor Settings
Loaded scene 'Temp/__Backupscenes/0.backup'
	Deserialize:            0.496 ms
	Integration:            111.081 ms
	Integration of assets:  0.004 ms
	Thread Wait Time:       0.011 ms
	Total Operation Time:   111.591 ms
Unloading 7 Unused Serialized files (Serialized files now loaded: 1)
Loaded scene 'Temp/__Backupscenes/0.backup'
	Deserialize:            0.492 ms
	Integration:            74.325 ms
	Integration of assets:  0.001 ms
	Thread Wait Time:       0.018 ms
	Total Operation Time:   74.836 ms
Unloading 2 unused Assets / (0.9 MB). Loaded Objects now: 10742.
Memory consumption went from 0.95 GB to 0.95 GB.
Total: 100.774600 ms (FindLiveObjects: 1.710200 ms CreateObjectMapping: 0.747700 ms MarkObjects: 97.948800 ms  DeleteObjects: 0.081400 ms)

Asset Pipeline Refresh (id=083172b058d630844b4ac1578533ddab): Total: 0.012 seconds - Initiated by RefreshV2(AllowForceSynchronousImport)
Asset Pipeline Refresh (id=45d50d75afdc8d144bbfe64337598703): Total: 0.008 seconds - Initiated by RefreshV2(AllowForceSynchronousImport)
Asset Pipeline Refresh (id=2514d878ea6b8da4494a1c5e6c01da7a): Total: 0.006 seconds - Initiated by RefreshV2(AllowForceSynchronousImport)
Importing 'GUID: c3857b3eddee1074bb044c8e3766499c - Path: Assets/game character.png' with importer (TextureImporter)
Imported 'GUID: c3857b3eddee1074bb044c8e3766499c' -> (Import Result ID: '63ca90ba34d053e91e92bf184c6967b8') in 0.009 seconds [static and dynamic dependencies]. Details - ImportResultOutputID=d102b9d468ad7d743923e1f57953f302 DependenciesID=98c39b47bc1d9ff8802bdcb865923902 StaticDependenciesID=f6e8efdf41f480f77b9e5613c3874aef 
Refreshing native plugins compatible for Editor in 2.80 ms, found 5 plugins.
Asset Pipeline Refresh (id=57b1a6a35815a1547bb5b16b6ad42448): Total: 0.072 seconds - Initiated by StopAssetImportingV2(NoUpdateAssetOptions)
[Worker4] Imported GUID: c3857b3eddee1074bb044c8e3766499c - Path: Assets/game character.png - Importer: PreviewImporter -> (ImportResultId: 'aa2f2cf2b092a1b37a14b8ea91035cb8') in 0.0506623 seconds
[Worker4] Imported GUID: c3857b3eddee1074bb044c8e3766499c - Path: Assets/game character.png - Importer: ScriptedImporter/UnityEditor.QuickSearchModule:UnityEditor.Search:ASIAI0B -> (ImportResultId: '2f75a8eb4c49255b90abac9d197ffbfa') in 0.0293243 seconds
SpriteAtlasPacking completed in 0.006797 sec
Entering Playmode with Reload Domain disabled.
If you experience any issues, please disable "Enter Play Mode Options" in Editor Settings
Loaded scene 'Temp/__Backupscenes/0.backup'
	Deserialize:            0.524 ms
	Integration:            91.166 ms
	Integration of assets:  0.003 ms
	Thread Wait Time:       0.026 ms
	Total Operation Time:   91.719 ms
Unloading 5 Unused Serialized files (Serialized files now loaded: 0)
Loaded scene 'Temp/__Backupscenes/0.backup'
	Deserialize:            0.634 ms
	Integration:            75.758 ms
	Integration of assets:  0.002 ms
	Thread Wait Time:       0.017 ms
	Total Operation Time:   76.410 ms
Unloading 17 unused Assets / (0.8 MB). Loaded Objects now: 10685.
Memory consumption went from 0.94 GB to 0.94 GB.
Total: 101.617700 ms (FindLiveObjects: 1.650600 ms CreateObjectMapping: 0.170500 ms MarkObjects: 99.456800 ms  DeleteObjects: 0.087300 ms)

[Licensing::Client] Successfully resolved entitlement details
[Worker4] Imported GUID: 69e8e05074d3d8644bfb51d89aa528e1 - Path: Assets/PlayerMovement.cs - Importer: PreviewImporter -> (ImportResultId: '59c4689a5f8b47793ec4ae82b645af26') in 0.0167629 seconds
Asset Pipeline Refresh (id=2a219e5027b90c2439e221c75297d35d): Total: 0.022 seconds - Initiated by RefreshV2(AllowForceSynchronousImport)
SpriteAtlasPacking completed in 0.005989 sec
Entering Playmode with Reload Domain disabled.
If you experience any issues, please disable "Enter Play Mode Options" in Editor Settings
Loaded scene 'Temp/__Backupscenes/0.backup'
	Deserialize:            0.495 ms
	Integration:            78.237 ms
	Integration of assets:  0.001 ms
	Thread Wait Time:       0.009 ms
	Total Operation Time:   78.742 ms
Unloading 6 Unused Serialized files (Serialized files now loaded: 0)
Loaded scene 'Temp/__Backupscenes/0.backup'
	Deserialize:            0.507 ms
	Integration:            78.401 ms
	Integration of assets:  0.002 ms
	Thread Wait Time:       0.023 ms
	Total Operation Time:   78.933 ms
Unloading 2 unused Assets / (0.9 MB). Loaded Objects now: 10687.
Memory consumption went from 0.95 GB to 0.95 GB.
Total: 103.313000 ms (FindLiveObjects: 1.739000 ms CreateObjectMapping: 0.740000 ms MarkObjects: 100.488500 ms  DeleteObjects: 0.075400 ms)

[Licensing::Client] Successfully resolved entitlement details
Importing 'GUID: 00000000000000009000000000000000 - Path: ProjectSettings/QualitySettings.asset' with importer (LibraryAssetImporter)
Imported 'GUID: 00000000000000009000000000000000' -> (Import Result ID: 'ad6ca2034549a8dd6f88c2e2fb528c97') in 0.001 seconds [static dependencies only]. Details - ImportResultOutputID=2a108b3da874f726c62fbe5f12be4a8a DependenciesID=1aedbe56ae62f321fe459982db2fa012 StaticDependenciesID=e9a43e809c5953780a851aff477bfce8 
Importing 'GUID: 9fa8d62d5dc1aa344bd3140036e63c51 - Path: Assets/player_Stable.anim' with importer (NativeFormatImporter)
Imported 'GUID: 9fa8d62d5dc1aa344bd3140036e63c51' -> (Import Result ID: '6a3bb3b40faaeaf6e03a47b7e6fde9fa') in 0.002 seconds [static dependencies only]. Details - ImportResultOutputID=b7d0916a75e5857e32b786349b6f038d DependenciesID=6a930ca839507d5db42a64a954a8acd9 StaticDependenciesID=ad3ee3951e8743f53946acbd67440dd7 
Importing 'GUID: 4bd339c60687b9646932918e1edbfcbc - Path: Assets/Player.controller' with importer (NativeFormatImporter)
Imported 'GUID: 4bd339c60687b9646932918e1edbfcbc' -> (Import Result ID: '42d5d1491d449eabc3606b2765a35416') in 0.001 seconds [static dependencies only]. Details - ImportResultOutputID=cb60a74de252c1d38b94c667408a10c7 DependenciesID=b8a7c3970e96fdd501683a64f5e559af StaticDependenciesID=86f11643da1065e05d1ca0c95ffa40de 
Refreshing native plugins compatible for Editor in 3.27 ms, found 5 plugins.
Asset Pipeline Refresh (id=30da0f38f9370ea43a1d6feeeeb546fc): Total: 0.057 seconds - Initiated by StopAssetImportingV2(NoUpdateAssetOptions)
[Worker4] Imported GUID: 4bd339c60687b9646932918e1edbfcbc - Path: Assets/Player.controller - Importer: ScriptedImporter/UnityEditor.QuickSearchModule:UnityEditor.Search:ASIAI0B -> (ImportResultId: 'deeabcdd6b85f0b03886a79fb5d3cf95') in 0.017953 seconds
MonoPathRemapper: Attempts to remap: 81024; Successful remaps: 24830
Serialized file version minimum: 22, current 23
[LAYOUT] About to save layout C:\Users\infon\game\UserSettings\Layouts\default-6000.dwlt
[LAYOUT] About to save layout C:/Users/infon/AppData/Roaming/Unity/Editor-5.x/Preferences\Layouts\current\default-6000.dwlt
Input System module state changed to: ShutdownInProgress.
Input Polling Thread exited.
Input System module state changed to: Shutdown.
[Physics::Module] Cleanup current backend.
[Physics::Module] Id: 0xf2b8ea05
[Licensing::IpcConnector] LicenseClient-infon-notifications channel disconnected successfully.
[Licensing::IpcConnector] LicenseClient-infon channel disconnected successfully.
Lingering sessions upon destruction of worker manager
Unity Data Store service was successfully shut down
UDS shutting down local client system
Shut down UDS service system complete
AcceleratorClientConnectionCallback - disconnected - :0
Cleanup mono
CodeReloadManager destroyed
abort_threads: Failed aborting id: 000000000000A19C, mono_thread_manage will ignore it

abort_threads: Failed aborting id: 0000000000002AA0, mono_thread_manage will ignore it

abort_threads: Failed aborting id: 000000000000A19C, mono_thread_manage will ignore it

abort_threads: Failed aborting id: 0000000000002AA0, mono_thread_manage will ignore it

debugger-agent: Unable to listen on 5532
Checking for leaked weakptr:
  Found no leaked weakptrs.
[Package Manager] Server process was shutdown
##utp:{"type":"MemoryLeaks","version":2,"phase":"Immediate","time":1788791467610,"processId":880,"allocatedMemory":18538094,"memoryLabels":[{"Default":272420},{"Permanent":15516},{"NewDelete":98681},{"Thread":4161616},{"Manager":846696},{"VertexData":8},{"Geometry":816},{"Shader":864980},{"Material":24},{"TextureCache":57304},{"GfxDevice":276112},{"GfxThread":3072},{"Animation":7896},{"FreeType":8},{"FontEngine":736},{"Physics":1970},{"Physics2D":16},{"Serialization":230600},{"Input":45280},{"JobScheduler":256},{"TextLib":61270},{"Mono":48},{"MonoCode":128},{"ScriptingNativeRuntime":1661880},{"BaseObject":96160},{"Resource":1208},{"Renderer":2376},{"Transform":4685},{"File":46026},{"WebCam":616},{"Culling":32},{"Terrain":11442},{"Wind":24},{"STL":40},{"String":647252},{"StaticString":3808},{"Utility":2679322},{"Curl":48},{"PoolAlloc":2408},{"AI":80},{"TypeTree":17165},{"ScriptManager":18960},{"CodeReload":448},{"RuntimeInitializeOnLoadManager":64},{"Sprites":102},{"SpriteAtlas":120},{"GI":7816},{"Director":1352},{"CloudService":7296},{"WebRequest":14468},{"VR":49650},{"SceneManager":608},{"Video":208},{"LazyScriptCache":32},{"NativeArray":1080},{"Camera":729},{"Secure":265},{"SerializationCache":9256},{"APIUpdating":10320},{"Subsystems":336},{"VirtualTexturing":57888},{"StaticSafetyDebugInfo":278528},{"Analytics":768},{"Hierarchy":1188},{"UIElements":40},{"CoreStats":14456},{"Identifiers":7152},{"Gui":803060},{"EditorUtility":167264},{"VersionControl":8},{"Undo":931},{"AssetDatabase":4970196},{"AssetImporter":40},{"EditorGi":328},{"UnityConnect":36881},{"Upm":1988},{"UpmDiagnostics":8},{"AssetCompliance":96},{"DrivenProperties":72},{"LocalIPC":260},{"ProfilerEditor":9746},{"CoreBusinessMetrics":3600},{"Windowing":456},{"Licensing":12805},{"AssetReference":32},{"IPCStream":32}]}
